<?xml version="1.0" encoding="UTF-8"?>
<table name="P_S_MASTER" pkgname="sp.dao" schema=""><desc/><primarykey><key>TMP_WRT_NUM</key><key>WRT_NUM</key></primarykey><contents><field const="notnull;maxsize=12" dbtype="VARCHAR2(12)" desc="" name="WRT_NUM" type="String"/><field const="notnull;maxsize=12" dbtype="VARCHAR2(12)" desc="" name="TMP_WRT_NUM" type="String"/><field const="maxsize=8" dbtype="VARCHAR2(8)" desc="" name="WRT_DT" type="String"/><field const="maxsize=8" dbtype="VARCHAR2(8)" desc="" name="INV_EXPC_DT" type="String"/><field const="maxsize=8" dbtype="VARCHAR2(8)" desc="" name="INV_DT" type="String"/><field const="maxsize=6" dbtype="VARCHAR2(6)" desc="" name="PROC_STE" type="String"/><field const="maxsize=24" dbtype="VARCHAR2(24)" desc="" name="INS_DT" type="String"/><field const="maxsize=24" dbtype="VARCHAR2(24)" desc="" name="UPD_DT" type="String"/><field const="maxsize=16" dbtype="VARCHAR2(16)" desc="" name="WRT_ID" type="String"/><field const="maxsize=6" dbtype="VARCHAR2(6)" desc="" name="MOT_STE" type="String"/></contents></table>