<?xml version="1.0" encoding="UTF-8"?>
<table name="PT_AUTH_PG" pkgname="sp.dao" schema=""><desc/><primarykey><key>AUTH_GROUP_CODE</key><key>PG_ID</key></primarykey><contents><field const="notnull;maxsize=30" dbtype="VARCHAR2(30)" desc="" name="AUTH_GROUP_CODE" type="String"/><field const="notnull;maxsize=5" dbtype="VARCHAR2(5)" desc="" name="PG_ID" type="String"/><field const="maxsize=5" dbtype="VARCHAR2(5)" desc="" name="PG_GROUP_ID" type="String"/><field const="maxsize=1" dbtype="VARCHAR2(1)" desc="" name="READ_FLAG" type="String"/><field const="maxsize=1" dbtype="VARCHAR2(1)" desc="" name="WRITE_FLAG" type="String"/><field const="maxsize=1" dbtype="VARCHAR2(1)" desc="" name="COM_FLAG" type="String"/><field const="maxsize=24" dbtype="VARCHAR2(24)" desc="" name="UPD_DT" type="String"/></contents></table>