<?xml version="1.0" encoding="UTF-8"?>
<table name="PT_AUTH_GROUP" pkgname="sp.dao" schema=""><desc/><primarykey><key>AUTH_GROUP_CODE</key></primarykey><contents><field const="notnull;maxsize=5" dbtype="VARCHAR2(5)" desc="" name="AUTH_GROUP_CODE" type="String"/><field const="maxsize=30" dbtype="VARCHAR2(30)" desc="" name="AUTH_GROUP_NAME" type="String"/><field const="maxsize=11" dbtype="NUMBER(11)" desc="" name="ORDER_SEQ" type="String"/><field const="maxsize=24" dbtype="VARCHAR2(24)" desc="" name="UPD_DT" type="String"/><field const="maxsize=1" dbtype="VARCHAR2(1)" desc="" name="USE_YN" type="String"/></contents></table>