<?xml version="1.0" encoding="UTF-8"?>
<table name="PT_BBS_COM_FILES" pkgname="sp.dao" schema=""><desc/><primarykey><key>SYS_FILE_NAME</key></primarykey><contents><field const="maxsize=30" dbtype="VARCHAR2(30)" desc="" name="CT_ID" type="String"/><field const="maxsize=10" dbtype="VARCHAR2(10)" desc="" name="BOARD_SEQ" type="String"/><field const="maxsize=250" dbtype="VARCHAR2(250)" desc="" name="FILE_REAL_NAME" type="String"/><field const="notnull;maxsize=281" dbtype="VARCHAR2(281)" desc="" name="SYS_FILE_NAME" type="String"/><field const="maxsize=20" dbtype="VARCHAR2(20)" desc="" name="FILE_SIZE" type="String"/><field const="maxsize=20" dbtype="VARCHAR2(20)" desc="" name="UPD_DT" type="String"/><field const="maxsize=22" dbtype="NUMBER(22)" desc="" name="DOWN_HIT" type="String"/></contents></table>