<?xml version="1.0" encoding="UTF-8"?>
<table name="PT_BBS_COM_COMMENT" pkgname="sp.dao" schema=""><desc/><primarykey><key>COMMENT_SEQ</key></primarykey><contents><field const="notnull;maxsize=10" dbtype="NUMBER(10)" desc="" name="COMMENT_SEQ" type="String"/><field const="maxsize=30" dbtype="VARCHAR2(30)" desc="" name="CT_ID" type="String"/><field const="maxsize=10" dbtype="VARCHAR2(10)" desc="" name="BOARD_SEQ" type="String"/><field const="maxsize=10" dbtype="VARCHAR2(10)" desc="" name="PASS" type="String"/><field const="maxsize=100" dbtype="NVARCHAR2(100)" desc="" name="WRT_NM" type="String"/><field const="maxsize=20" dbtype="VARCHAR2(20)" desc="" name="WRT_ID" type="String"/><field const="maxsize=4000" dbtype="NVARCHAR2(4000)" desc="" name="COMMET" type="String"/><field const="maxsize=23" dbtype="VARCHAR2(23)" desc="" name="UPD_DT" type="String"/><field const="maxsize=23" dbtype="VARCHAR2(23)" desc="" name="INS_DT" type="String"/></contents></table>