<?xml version="1.0" encoding="UTF-8"?>
<table name="PT_BBS_BOARD" pkgname="sp.dao" schema=""><desc/><primarykey><key>INDEX1</key><key>INDEX2</key></primarykey><contents><field const="notnull;maxsize=16" dbtype="VARCHAR2(16)" desc="" name="CT_ID" type="String"/><field const="notnull;maxsize=22" dbtype="NUMBER(22)" desc="" name="BOARD_SEQ" type="String"/><field const="notnull;maxsize=22" dbtype="NUMBER(22)" desc="" name="INDEX1" type="String"/><field const="notnull;maxsize=22" dbtype="NUMBER(22)" desc="" name="INDEX2" type="String"/><field const="maxsize=22" dbtype="NUMBER(22)" desc="" name="DEPTH" type="String"/><field const="maxsize=4" dbtype="VARCHAR2(4)" desc="" name="SD_CD" type="String"/><field const="maxsize=4" dbtype="VARCHAR2(4)" desc="" name="SGG_CD" type="String"/><field const="maxsize=16" dbtype="VARCHAR2(16)" desc="" name="USER_ID" type="String"/><field const="maxsize=50" dbtype="VARCHAR2(50)" desc="" name="USER_NAME" type="String"/><field const="maxsize=100" dbtype="VARCHAR2(100)" desc="" name="USER_EMAIL" type="String"/><field const="maxsize=16" dbtype="VARCHAR2(16)" desc="" name="USER_PASS" type="String"/><field const="maxsize=18" dbtype="VARCHAR2(18)" desc="" name="USER_IP" type="String"/><field const="maxsize=14" dbtype="VARCHAR2(14)" desc="" name="USER_TEL" type="String"/><field const="maxsize=255" dbtype="VARCHAR2(255)" desc="" name="USER_HOMEPAGE" type="String"/><field const="maxsize=200" dbtype="VARCHAR2(200)" desc="" name="SUBJECT" type="String"/><field const="maxsize=4000" dbtype="CLOB" desc="" name="CONTENT" type="String"/><field const="maxsize=1" dbtype="VARCHAR2(1)" desc="" name="REPLIED_YN" type="String"/><field const="maxsize=1" dbtype="VARCHAR2(1)" desc="" name="SECRET_YN" type="String"/><field const="maxsize=1" dbtype="VARCHAR2(1)" desc="" name="NOTICE_YN" type="String"/><field const="maxsize=22" dbtype="NUMBER(22)" desc="" name="READ_NUM" type="String"/><field const="maxsize=23" dbtype="VARCHAR2(23)" desc="" name="UPD_DT" type="String"/><field const="maxsize=23" dbtype="VARCHAR2(23)" desc="" name="INS_DT" type="String"/><field const="maxsize=16" dbtype="VARCHAR2(16)" desc="" name="WRT_ID" type="String"/><field const="maxsize=255" dbtype="VARCHAR2(255)" desc="" name="ETC_1" type="String"/><field const="maxsize=255" dbtype="VARCHAR2(255)" desc="" name="ETC_2" type="String"/><field const="maxsize=255" dbtype="VARCHAR2(255)" desc="" name="ETC_3" type="String"/><field const="maxsize=255" dbtype="VARCHAR2(255)" desc="" name="ETC_4" type="String"/><field const="maxsize=255" dbtype="VARCHAR2(255)" desc="" name="ETC_5" type="String"/><field const="maxsize=255" dbtype="VARCHAR2(255)" desc="" name="ETC_6" type="String"/><field const="maxsize=255" dbtype="VARCHAR2(255)" desc="" name="ETC_7" type="String"/><field const="maxsize=255" dbtype="VARCHAR2(255)" desc="" name="ETC_8" type="String"/><field const="maxsize=255" dbtype="VARCHAR2(255)" desc="" name="ETC_9" type="String"/><field const="maxsize=255" dbtype="VARCHAR2(255)" desc="" name="ETC_10" type="String"/></contents></table>