<?xml version="1.0" encoding="UTF-8"?>
<table name="PT_BBS_COM_CT" pkgname="sp.dao" schema=""><desc/><primarykey><key>CT_ID</key></primarykey><contents><field const="notnull;maxsize=30" dbtype="VARCHAR2(30)" desc="" name="CT_ID" type="String"/><field const="notnull;maxsize=50" dbtype="VARCHAR2(50)" desc="" name="BOARD_NAME" type="String"/><field const="notnull;maxsize=128" dbtype="VARCHAR2(128)" desc="" name="BOARD_URL" type="String"/><field const="maxsize=128" dbtype="VARCHAR2(128)" desc="" name="BOARD_CATEGORY" type="String"/><field const="notnull;maxsize=64" dbtype="VARCHAR2(64)" desc="" name="BOARD_TYPE" type="String"/><field const="notnull;maxsize=64" dbtype="VARCHAR2(64)" desc="" name="BOARD_SKIN" type="String"/><field const="maxsize=10" dbtype="VARCHAR2(10)" desc="" name="BOARD_WIDTH" type="String"/><field const="maxsize=20" dbtype="VARCHAR2(20)" desc="" name="BOARD_ALIGN" type="String"/><field const="maxsize=16" dbtype="VARCHAR2(16)" desc="" name="BBS_OWNER" type="String"/><field const="maxsize=32" dbtype="VARCHAR2(32)" desc="" name="BBS_GROUP" type="String"/><field const="maxsize=5" dbtype="NUMBER(5)" desc="" name="BBS_DEPTH" type="String"/><field const="maxsize=5" dbtype="NUMBER(5)" desc="" name="CUT_TITLE" type="String"/><field const="maxsize=5" dbtype="NUMBER(5)" desc="" name="ROWPERPAGE" type="String"/><field const="maxsize=5" dbtype="NUMBER(5)" desc="" name="NEW_DAY" type="String"/><field const="notnull;maxsize=1" dbtype="VARCHAR2(1)" desc="" name="TITLE_WRT_YN" type="String"/><field const="notnull;maxsize=1" dbtype="VARCHAR2(1)" desc="" name="TITLE_DATE_YN" type="String"/><field const="notnull;maxsize=1" dbtype="VARCHAR2(1)" desc="" name="TITLE_HIT_YN" type="String"/><field const="notnull;maxsize=1" dbtype="VARCHAR2(1)" desc="" name="TITLE_IP_YN" type="String"/><field const="maxsize=4000" dbtype="CLOB" desc="" name="HEADER_HTML" type="String"/><field const="maxsize=4000" dbtype="CLOB" desc="" name="MAIN_HTML" type="String"/><field const="maxsize=4000" dbtype="CLOB" desc="" name="BOTTOM_HTML" type="String"/><field const="maxsize=36" dbtype="VARCHAR2(36)" desc="" name="LIST_LEVEL" type="String"/><field const="maxsize=36" dbtype="VARCHAR2(36)" desc="" name="READ_LEVEL" type="String"/><field const="maxsize=36" dbtype="VARCHAR2(36)" desc="" name="WRITE_LEVEL" type="String"/><field const="maxsize=1" dbtype="VARCHAR2(1)" desc="" name="ATTACH_YN" type="String"/><field const="maxsize=5" dbtype="NUMBER(5)" desc="" name="FILE_SIZE" type="String"/><field const="maxsize=5" dbtype="NUMBER(5)" desc="" name="ATT_NUM" type="String"/><field const="maxsize=1" dbtype="VARCHAR2(1)" desc="" name="REPLY_YN" type="String"/><field const="maxsize=1" dbtype="VARCHAR2(1)" desc="" name="ONE_LINE_YN" type="String"/><field const="maxsize=1" dbtype="VARCHAR2(1)" desc="" name="SECRET_YN" type="String"/><field const="maxsize=1" dbtype="VARCHAR2(1)" desc="" name="USE_YN" type="String"/><field const="maxsize=1" dbtype="VARCHAR2(1)" desc="" name="DIV_USE_YN" type="String"/><field const="maxsize=1" dbtype="VARCHAR2(1)" desc="" name="SD_DIV_YN" type="String"/><field const="maxsize=1" dbtype="VARCHAR2(1)" desc="" name="SGG_DIV_YN" type="String"/><field const="maxsize=1" dbtype="VARCHAR2(1)" desc="" name="VIEW_LIST_YN" type="String"/><field const="maxsize=1" dbtype="VARCHAR2(1)" desc="" name="ONE_ONE_YN" type="String"/><field const="maxsize=50" dbtype="VARCHAR2(50)" desc="" name="FILTER" type="String"/><field const="maxsize=1" dbtype="VARCHAR2(1)" desc="" name="TABLE_ONE_YN" type="String"/><field const="maxsize=50" dbtype="VARCHAR2(50)" desc="" name="SUBJ_1" type="String"/><field const="maxsize=50" dbtype="VARCHAR2(50)" desc="" name="SUBJ_2" type="String"/><field const="maxsize=50" dbtype="VARCHAR2(50)" desc="" name="SUBJ_3" type="String"/><field const="maxsize=50" dbtype="VARCHAR2(50)" desc="" name="SUBJ_4" type="String"/><field const="maxsize=50" dbtype="VARCHAR2(50)" desc="" name="SUBJ_5" type="String"/><field const="maxsize=50" dbtype="VARCHAR2(50)" desc="" name="SUBJ_6" type="String"/><field const="maxsize=50" dbtype="VARCHAR2(50)" desc="" name="SUBJ_7" type="String"/><field const="maxsize=50" dbtype="VARCHAR2(50)" desc="" name="SUBJ_8" type="String"/><field const="maxsize=50" dbtype="VARCHAR2(50)" desc="" name="SUBJ_9" type="String"/><field const="maxsize=50" dbtype="VARCHAR2(50)" desc="" name="SUBJ_10" type="String"/><field const="maxsize=24" dbtype="VARCHAR2(24)" desc="" name="UPD_DT" type="String"/><field const="maxsize=24" dbtype="VARCHAR2(24)" desc="" name="WRT_ID" type="String"/><field const="maxsize=24" dbtype="VARCHAR2(24)" desc="" name="INS_DT" type="String"/><field const="maxsize=1" dbtype="VARCHAR2(1)" desc="" name="PUBLIC_DIV_YN" type="String"/></contents></table>