<?xml version="1.0" encoding="UTF-8"?>
<table name="PT_C_RES_CAR_MOBILE_SY" pkgname="sp.dao" schema=""><desc/><primarykey><key>SEQ</key></primarykey><contents><field const="notnull;maxsize=4" dbtype="NUMBER(4)" desc="" name="SEQ" type="String"/><field const="notnull;maxsize=52" dbtype="VARCHAR2(52)" desc="" name="ORG_NM" type="String"/><field const="notnull;maxsize=5" dbtype="VARCHAR2(5)" desc="" name="SIDO_CODE" type="String"/><field const="maxsize=24" dbtype="VARCHAR2(24)" desc="" name="FIR_COMMIT_DT" type="String"/><field const="maxsize=10" dbtype="NUMBER(10)" desc="" name="QTT" type="String"/><field const="maxsize=10" dbtype="NUMBER(10)" desc="" name="USE" type="String"/><field const="maxsize=250" dbtype="VARCHAR2(250)" desc="" name="REMARK" type="String"/><field const="maxsize=24" dbtype="VARCHAR2(24)" desc="" name="INS_DT" type="String"/><field const="maxsize=24" dbtype="VARCHAR2(24)" desc="" name="UPD_DT" type="String"/><field const="maxsize=12" dbtype="VARCHAR2(12)" desc="" name="WRT_ID" type="String"/><field const="maxsize=5" dbtype="VARCHAR2(5)" desc="" name="SIGUNGU_CODE" type="String"/><field const="maxsize=20" dbtype="VARCHAR2(20)" desc="" name="WATT" type="String"/></contents></table>