<?xml version="1.0" encoding="UTF-8"?>
<table name="PT_C_RES_MOBILE_PHONE" pkgname="sp.dao" schema=""><desc/><primarykey><key>SEQ</key></primarykey><contents><field const="notnull;maxsize=4" dbtype="NUMBER(4)" desc="" name="SEQ" type="String"/><field const="notnull;maxsize=52" dbtype="VARCHAR2(52)" desc="" name="ORG_NM" type="String"/><field const="notnull;maxsize=5" dbtype="VARCHAR2(5)" desc="" name="SIDO_CODE" type="String"/><field const="notnull;maxsize=10" dbtype="NUMBER(10)" desc="" name="SKT_QTT" type="String"/><field const="maxsize=20" dbtype="NUMBER(20)" desc="" name="SKT_AOM" type="String"/><field const="maxsize=24" dbtype="VARCHAR2(24)" desc="" name="INS_DT" type="String"/><field const="maxsize=24" dbtype="VARCHAR2(24)" desc="" name="UPD_DT" type="String"/><field const="maxsize=12" dbtype="VARCHAR2(12)" desc="" name="WRT_ID" type="String"/><field const="maxsize=5" dbtype="VARCHAR2(5)" desc="" name="SIGUNGU_CODE" type="String"/><field const="maxsize=10" dbtype="NUMBER(10)" desc="" name="KTF_QTT" type="String"/><field const="maxsize=20" dbtype="NUMBER(20)" desc="" name="KTF_AOM" type="String"/><field const="maxsize=10" dbtype="NUMBER(10)" desc="" name="LGT_QTT" type="String"/><field const="maxsize=20" dbtype="NUMBER(20)" desc="" name="LGT_AOM" type="String"/><field const="maxsize=10" dbtype="NUMBER(10)" desc="" name="QTT_010" type="String"/><field const="maxsize=20" dbtype="NUMBER(20)" desc="" name="AOM_010" type="String"/><field const="maxsize=12" dbtype="VARCHAR2(12)" desc="" name="WATT" type="String"/></contents></table>