<?xml version="1.0" encoding="UTF-8"?>
<table name="PT_C_RES_1" pkgname="sp.dao" schema=""><desc/><primarykey/><contents><field const="notnull;maxsize=4" dbtype="VARCHAR2(4)" desc="" name="SEQ" type="String"/><field const="notnull;maxsize=12" dbtype="VARCHAR2(12)" desc="" name="SIDO_NM" type="String"/><field const="maxsize=4" dbtype="VARCHAR2(4)" desc="" name="SIDO_CODE" type="String"/><field const="maxsize=50" dbtype="VARCHAR2(50)" desc="" name="ITEM_NM" type="String"/><field const="maxsize=10" dbtype="NUMBER(10)" desc="" name="LINE_NUM" type="String"/><field const="maxsize=10" dbtype="NUMBER(10)" desc="" name="LINE_CH_NUM" type="String"/><field const="maxsize=10" dbtype="NUMBER(10)" desc="" name="LINE_E1_NUM" type="String"/><field const="maxsize=24" dbtype="VARCHAR2(24)" desc="" name="SET_DT" type="String"/><field const="maxsize=12" dbtype="VARCHAR2(12)" desc="" name="EQU_COST" type="String"/><field const="maxsize=24" dbtype="VARCHAR2(24)" desc="" name="UPD_DT" type="String"/><field const="maxsize=24" dbtype="VARCHAR2(24)" desc="" name="INS_DT" type="String"/><field const="maxsize=50" dbtype="VARCHAR2(50)" desc="" name="ETC" type="String"/><field const="maxsize=4" dbtype="VARCHAR2(4)" desc="" name="SIGUNGU_CODE" type="String"/></contents></table>