<?xml version="1.0" encoding="UTF-8"?>
<table name="PT_COM_ZIPCODE" pkgname="sp.dao" schema=""><desc/><primarykey/><contents><field const="notnull;maxsize=5" dbtype="VARCHAR2(5)" desc="" name="SEQ" type="String"/><field const="maxsize=7" dbtype="VARCHAR2(7)" desc="" name="ZIPCODE" type="String"/><field const="maxsize=6" dbtype="VARCHAR2(6)" desc="" name="SIDO" type="String"/><field const="maxsize=30" dbtype="VARCHAR2(30)" desc="" name="GUGUN" type="String"/><field const="maxsize=100" dbtype="VARCHAR2(100)" desc="" name="DONG" type="String"/><field const="maxsize=30" dbtype="VARCHAR2(30)" desc="" name="BUNJI" type="String"/></contents></table>