<?xml version="1.0" encoding="UTF-8"?>
<table name="PT_C_RES_COMM_LIMIT" pkgname="sp.dao" schema=""><desc/><primarykey><key>SEQ</key></primarykey><contents><field const="notnull;maxsize=4" dbtype="NUMBER(4)" desc="" name="SEQ" type="String"/><field const="notnull;maxsize=52" dbtype="VARCHAR2(52)" desc="" name="ORG_NM" type="String"/><field const="notnull;maxsize=5" dbtype="VARCHAR2(5)" desc="" name="SIDO_CODE" type="String"/><field const="maxsize=10" dbtype="NUMBER(10)" desc="" name="PGP_CAF" type="String"/><field const="maxsize=24" dbtype="VARCHAR2(24)" desc="" name="INS_DT" type="String"/><field const="maxsize=24" dbtype="VARCHAR2(24)" desc="" name="UPD_DT" type="String"/><field const="maxsize=12" dbtype="VARCHAR2(12)" desc="" name="WRT_ID" type="String"/><field const="maxsize=5" dbtype="VARCHAR2(5)" desc="" name="SIGUNGU_CODE" type="String"/><field const="maxsize=10" dbtype="NUMBER(10)" desc="" name="PGP_PMS" type="String"/><field const="maxsize=10" dbtype="NUMBER(10)" desc="" name="NBS_4_CAF" type="String"/><field const="maxsize=10" dbtype="NUMBER(10)" desc="" name="NBS_4_PMS" type="String"/><field const="maxsize=10" dbtype="NUMBER(10)" desc="" name="NBS_6_CAF" type="String"/><field const="maxsize=10" dbtype="NUMBER(10)" desc="" name="NBS_6_PMS" type="String"/><field const="maxsize=10" dbtype="NUMBER(10)" desc="" name="NBS_7_CAF" type="String"/><field const="maxsize=10" dbtype="NUMBER(10)" desc="" name="NBS_7_PMS" type="String"/><field const="maxsize=10" dbtype="NUMBER(10)" desc="" name="NBS_8_CAF" type="String"/><field const="maxsize=10" dbtype="NUMBER(10)" desc="" name="NBS_9_PMS" type="String"/><field const="maxsize=10" dbtype="NUMBER(10)" desc="" name="NBS_9_CAF" type="String"/><field const="maxsize=10" dbtype="NUMBER(10)" desc="" name="NBS_8_PMS" type="String"/><field const="maxsize=10" dbtype="NUMBER(10)" desc="" name="TBS_TECOM_CAF" type="String"/><field const="maxsize=10" dbtype="NUMBER(10)" desc="" name="TBS_TECOM_PMS" type="String"/><field const="maxsize=10" dbtype="NUMBER(10)" desc="" name="TBS_EXCH_CAF" type="String"/><field const="maxsize=10" dbtype="NUMBER(10)" desc="" name="TBS_EXCH_PMS" type="String"/></contents></table>