<?xml version="1.0" encoding="UTF-8"?>
<table name="PT_C_RES_IPT" pkgname="sp.dao" schema=""><desc/><primarykey><key>SEQ</key></primarykey><contents><field const="notnull;maxsize=4" dbtype="NUMBER(4)" desc="" name="SEQ" type="String"/><field const="notnull;maxsize=52" dbtype="VARCHAR2(52)" desc="" name="ORG_NM" type="String"/><field const="notnull;maxsize=5" dbtype="VARCHAR2(5)" desc="" name="SIDO_CODE" type="String"/><field const="maxsize=100" dbtype="VARCHAR2(100)" desc="" name="IPP_ITEM_NM" type="String"/><field const="maxsize=10" dbtype="NUMBER(10)" desc="" name="IPM_QTT" type="String"/><field const="maxsize=12" dbtype="VARCHAR2(12)" desc="" name="IPP_INSTAL_DT" type="String"/><field const="maxsize=20" dbtype="NUMBER(20)" desc="" name="IPP_ESTAB_AOM" type="String"/><field const="maxsize=24" dbtype="VARCHAR2(24)" desc="" name="INS_DT" type="String"/><field const="maxsize=24" dbtype="VARCHAR2(24)" desc="" name="UPD_DT" type="String"/><field const="maxsize=12" dbtype="VARCHAR2(12)" desc="" name="WRT_ID" type="String"/><field const="maxsize=100" dbtype="VARCHAR2(100)" desc="" name="IPP_PDT" type="String"/><field const="maxsize=5" dbtype="VARCHAR2(5)" desc="" name="SIGUNGU_CODE" type="String"/><field const="maxsize=100" dbtype="VARCHAR2(100)" desc="" name="IPM_PDT" type="String"/><field const="maxsize=100" dbtype="VARCHAR2(100)" desc="" name="IPM_ITEM_NM" type="String"/><field const="maxsize=20" dbtype="NUMBER(20)" desc="" name="IPM_ESTAB_AOM" type="String"/></contents></table>