<?xml version="1.0" encoding="UTF-8"?>
<table name="PT_COM_CODE" pkgname="sp.dao" schema=""><desc/><primarykey><key>SEQ</key></primarykey><contents><field const="notnull;maxsize=11" dbtype="NUMBER(11)" desc="" name="SEQ" type="String"/><field const="maxsize=32" dbtype="VARCHAR2(32)" desc="" name="CODE" type="String"/><field const="maxsize=32" dbtype="VARCHAR2(32)" desc="" name="P_CODE" type="String"/><field const="maxsize=128" dbtype="VARCHAR2(128)" desc="" name="CODE_NAME" type="String"/><field const="maxsize=13" dbtype="NUMBER(13)" desc="" name="ORDER_SEQ" type="String"/><field const="maxsize=1" dbtype="VARCHAR2(1)" desc="" name="USE_YN" type="String"/><field const="maxsize=200" dbtype="VARCHAR2(200)" desc="" name="BIGO" type="String"/><field const="maxsize=20" dbtype="VARCHAR2(20)" desc="" name="REG_DATE" type="String"/><field const="maxsize=20" dbtype="VARCHAR2(20)" desc="" name="MOD_DATE" type="String"/><field const="maxsize=128" dbtype="VARCHAR2(128)" desc="" name="P_CODE_NAME" type="String"/></contents></table>