<?xml version="1.0" encoding="UTF-8"?>
<table name="PT_C_RES_ONLY_LINE" pkgname="sp.dao" schema=""><desc/><primarykey><key>SEQ</key></primarykey><contents><field const="notnull;maxsize=4" dbtype="NUMBER(4)" desc="" name="SEQ" type="String"/><field const="notnull;maxsize=52" dbtype="VARCHAR2(52)" desc="" name="ORG_NM" type="String"/><field const="notnull;maxsize=5" dbtype="VARCHAR2(5)" desc="" name="SIDO_CODE" type="String"/><field const="maxsize=100" dbtype="VARCHAR2(100)" desc="" name="ITEM_NM" type="String"/><field const="maxsize=20" dbtype="NUMBER(20)" desc="" name="LINE_QTT" type="String"/><field const="maxsize=50" dbtype="VARCHAR2(50)" desc="" name="JOINT_CIR" type="String"/><field const="maxsize=24" dbtype="VARCHAR2(24)" desc="" name="JOINT_DT" type="String"/><field const="maxsize=24" dbtype="VARCHAR2(24)" desc="" name="INS_DT" type="String"/><field const="maxsize=24" dbtype="VARCHAR2(24)" desc="" name="UPD_DT" type="String"/><field const="maxsize=12" dbtype="VARCHAR2(12)" desc="" name="WRT_ID" type="String"/><field const="maxsize=5" dbtype="VARCHAR2(5)" desc="" name="SIGUNGU_CODE" type="String"/><field const="maxsize=20" dbtype="VARCHAR2(20)" desc="" name="JOINT_ORG_NUM" type="String"/></contents></table>