<?xml version="1.0" encoding="UTF-8"?>
<table name="PT_HMS_HISTORY" pkgname="sp.dao" schema=""><desc/><primarykey><key>SEQ</key></primarykey><contents><field const="notnull;maxsize=11" dbtype="NUMBER(11)" desc="" name="SEQ" type="String"/><field const="maxsize=32" dbtype="VARCHAR2(32)" desc="" name="MENU_ID" type="String"/><field const="maxsize=32" dbtype="VARCHAR2(32)" desc="" name="VERSION" type="String"/><field const="maxsize=4000" dbtype="CLOB" desc="" name="CONTENT" type="String"/><field const="maxsize=1" dbtype="VARCHAR2(1)" desc="" name="USE_YN" type="String"/><field const="maxsize=16" dbtype="VARCHAR2(16)" desc="" name="WRT_ID" type="String"/><field const="maxsize=32" dbtype="VARCHAR2(32)" desc="" name="WRT_NM" type="String"/><field const="maxsize=24" dbtype="VARCHAR2(24)" desc="" name="INS_DT" type="String"/></contents></table>