<?xml version="1.0" encoding="UTF-8"?>
<table name="PT_HMS_COM_CODE" pkgname="sp.dao" schema=""><desc/><primarykey><key>CODE</key><key>CODE_GROUP</key></primarykey><contents><field const="notnull;maxsize=16" dbtype="VARCHAR2(16)" desc="" name="CODE_GROUP" type="String"/><field const="notnull;maxsize=16" dbtype="VARCHAR2(16)" desc="" name="CODE" type="String"/><field const="maxsize=50" dbtype="VARCHAR2(50)" desc="" name="CODE_NAME" type="String"/><field const="maxsize=100" dbtype="VARCHAR2(100)" desc="" name="BIGO" type="String"/><field const="maxsize=22" dbtype="NUMBER(22)" desc="" name="ORDER_NUM" type="String"/><field const="maxsize=1" dbtype="VARCHAR2(1)" desc="" name="USE_YN" type="String"/></contents></table>