<?xml version="1.0" encoding="UTF-8"?>
<table name="PT_HOM_USER" pkgname="sp.dao" schema=""><desc/><primarykey><key>USER_ID</key></primarykey><contents><field const="notnull;maxsize=16" dbtype="VARCHAR2(16)" desc="" name="USER_ID" type="String"/><field const="maxsize=64" dbtype="VARCHAR2(64)" desc="" name="USER_NAME" type="String"/><field const="maxsize=64" dbtype="VARCHAR2(64)" desc="" name="USER_PASSWD" type="String"/><field const="maxsize=16" dbtype="VARCHAR2(16)" desc="" name="USER_NAT_NUM1" type="String"/><field const="maxsize=50" dbtype="VARCHAR2(50)" desc="" name="USER_NAT_NUM2" type="String"/><field const="maxsize=128" dbtype="VARCHAR2(128)" desc="" name="USER_EMAIL" type="String"/><field const="maxsize=8" dbtype="VARCHAR2(8)" desc="" name="USER_ZIPCODE" type="String"/><field const="maxsize=128" dbtype="VARCHAR2(128)" desc="" name="USER_ADDR" type="String"/><field const="maxsize=128" dbtype="VARCHAR2(128)" desc="" name="USER_ADDR_ETC" type="String"/><field const="maxsize=16" dbtype="VARCHAR2(16)" desc="" name="USER_TEL" type="String"/><field const="maxsize=16" dbtype="VARCHAR2(16)" desc="" name="USER_MOBILE" type="String"/><field const="maxsize=16" dbtype="VARCHAR2(16)" desc="" name="USER_SEX" type="String"/><field const="maxsize=50" dbtype="VARCHAR2(50)" desc="" name="INP_SITE" type="String"/><field const="maxsize=4" dbtype="VARCHAR2(4)" desc="" name="SC_CD" type="String"/><field const="maxsize=4" dbtype="VARCHAR2(4)" desc="" name="SGG_CD" type="String"/><field const="maxsize=2" dbtype="VARCHAR2(2)" desc="" name="CAPITAL" type="String"/><field const="maxsize=200" dbtype="VARCHAR2(200)" desc="" name="BIGO" type="String"/><field const="maxsize=2" dbtype="VARCHAR2(2)" desc="" name="SMS_YN" type="String"/><field const="maxsize=2" dbtype="VARCHAR2(2)" desc="" name="NEWS_YN" type="String"/><field const="maxsize=1" dbtype="VARCHAR2(1)" desc="" name="USE_CODE" type="String"/><field const="maxsize=7" dbtype="DATE" desc="" name="INS_DT" type="Date"/><field const="maxsize=7" dbtype="DATE" desc="" name="UPD_DT" type="Date"/></contents></table>