<?xml version="1.0" encoding="UTF-8"?>
<table name="PT_HMS_MST" pkgname="sp.dao" schema=""><desc/><primarykey><key>MENU_ID</key></primarykey><contents><field const="notnull;maxsize=32" dbtype="VARCHAR2(32)" desc="" name="MENU_ID" type="String"/><field const="maxsize=64" dbtype="VARCHAR2(64)" desc="" name="L_MENU_CD" type="String"/><field const="maxsize=64" dbtype="VARCHAR2(64)" desc="" name="M_MENU_CD" type="String"/><field const="maxsize=64" dbtype="VARCHAR2(64)" desc="" name="S_MENU_CD" type="String"/><field const="maxsize=32" dbtype="VARCHAR2(32)" desc="" name="TITLE" type="String"/><field const="maxsize=64" dbtype="VARCHAR2(64)" desc="" name="URL" type="String"/><field const="maxsize=16" dbtype="VARCHAR2(16)" desc="" name="WRT_ID" type="String"/><field const="maxsize=16" dbtype="VARCHAR2(16)" desc="" name="WRT_NM" type="String"/><field const="maxsize=24" dbtype="VARCHAR2(24)" desc="" name="UDP_DT" type="String"/><field const="maxsize=24" dbtype="VARCHAR2(24)" desc="" name="INS_DT" type="String"/></contents></table>