<?xml version="1.0" encoding="UTF-8"?>
<table name="PT_HOM_VISIT_HOUR_COUNT" pkgname="sp.dao" schema=""><desc/><primarykey><key>REG_DATE</key></primarykey><contents><field const="notnull;maxsize=12" dbtype="VARCHAR2(12)" desc="" name="REG_DATE" type="String"/><field const="maxsize=22" dbtype="NUMBER(22)" desc="" name="H_01" type="String"/><field const="maxsize=22" dbtype="NUMBER(22)" desc="" name="H_02" type="String"/><field const="maxsize=22" dbtype="NUMBER(22)" desc="" name="H_03" type="String"/><field const="maxsize=22" dbtype="NUMBER(22)" desc="" name="H_04" type="String"/><field const="maxsize=22" dbtype="NUMBER(22)" desc="" name="H_05" type="String"/><field const="maxsize=22" dbtype="NUMBER(22)" desc="" name="H_06" type="String"/><field const="maxsize=22" dbtype="NUMBER(22)" desc="" name="H_07" type="String"/><field const="maxsize=22" dbtype="NUMBER(22)" desc="" name="H_08" type="String"/><field const="maxsize=22" dbtype="NUMBER(22)" desc="" name="H_09" type="String"/><field const="maxsize=22" dbtype="NUMBER(22)" desc="" name="H_10" type="String"/><field const="maxsize=22" dbtype="NUMBER(22)" desc="" name="H_11" type="String"/><field const="maxsize=22" dbtype="NUMBER(22)" desc="" name="H_12" type="String"/><field const="maxsize=22" dbtype="NUMBER(22)" desc="" name="H_13" type="String"/><field const="maxsize=22" dbtype="NUMBER(22)" desc="" name="H_14" type="String"/><field const="maxsize=22" dbtype="NUMBER(22)" desc="" name="H_15" type="String"/><field const="maxsize=22" dbtype="NUMBER(22)" desc="" name="H_16" type="String"/><field const="maxsize=22" dbtype="NUMBER(22)" desc="" name="H_17" type="String"/><field const="maxsize=22" dbtype="NUMBER(22)" desc="" name="H_18" type="String"/><field const="maxsize=22" dbtype="NUMBER(22)" desc="" name="H_19" type="String"/><field const="maxsize=22" dbtype="NUMBER(22)" desc="" name="H_20" type="String"/><field const="maxsize=22" dbtype="NUMBER(22)" desc="" name="H_21" type="String"/><field const="maxsize=22" dbtype="NUMBER(22)" desc="" name="H_22" type="String"/><field const="maxsize=22" dbtype="NUMBER(22)" desc="" name="H_23" type="String"/><field const="maxsize=22" dbtype="NUMBER(22)" desc="" name="H_24" type="String"/><field const="maxsize=22" dbtype="NUMBER(22)" desc="" name="DAY_TOTAL" type="String"/></contents></table>