<?xml version="1.0" encoding="UTF-8"?>
<table name="PT_HOM_VISIT_DAY_COUNT" pkgname="sp.dao" schema=""><desc/><primarykey><key>REG_DATE</key></primarykey><contents><field const="notnull;maxsize=12" dbtype="VARCHAR2(12)" desc="" name="REG_DATE" type="String"/><field const="maxsize=22" dbtype="NUMBER(22)" desc="" name="D_01" type="String"/><field const="maxsize=22" dbtype="NUMBER(22)" desc="" name="D_02" type="String"/><field const="maxsize=22" dbtype="NUMBER(22)" desc="" name="D_03" type="String"/><field const="maxsize=22" dbtype="NUMBER(22)" desc="" name="D_04" type="String"/><field const="maxsize=22" dbtype="NUMBER(22)" desc="" name="D_05" type="String"/><field const="maxsize=22" dbtype="NUMBER(22)" desc="" name="D_06" type="String"/><field const="maxsize=22" dbtype="NUMBER(22)" desc="" name="D_07" type="String"/><field const="maxsize=22" dbtype="NUMBER(22)" desc="" name="D_08" type="String"/><field const="maxsize=22" dbtype="NUMBER(22)" desc="" name="D_09" type="String"/><field const="maxsize=22" dbtype="NUMBER(22)" desc="" name="D_10" type="String"/><field const="maxsize=22" dbtype="NUMBER(22)" desc="" name="D_11" type="String"/><field const="maxsize=22" dbtype="NUMBER(22)" desc="" name="D_12" type="String"/><field const="maxsize=22" dbtype="NUMBER(22)" desc="" name="D_13" type="String"/><field const="maxsize=22" dbtype="NUMBER(22)" desc="" name="D_14" type="String"/><field const="maxsize=22" dbtype="NUMBER(22)" desc="" name="D_15" type="String"/><field const="maxsize=22" dbtype="NUMBER(22)" desc="" name="D_16" type="String"/><field const="maxsize=22" dbtype="NUMBER(22)" desc="" name="D_17" type="String"/><field const="maxsize=22" dbtype="NUMBER(22)" desc="" name="D_18" type="String"/><field const="maxsize=22" dbtype="NUMBER(22)" desc="" name="D_19" type="String"/><field const="maxsize=22" dbtype="NUMBER(22)" desc="" name="D_20" type="String"/><field const="maxsize=22" dbtype="NUMBER(22)" desc="" name="D_21" type="String"/><field const="maxsize=22" dbtype="NUMBER(22)" desc="" name="D_22" type="String"/><field const="maxsize=22" dbtype="NUMBER(22)" desc="" name="D_23" type="String"/><field const="maxsize=22" dbtype="NUMBER(22)" desc="" name="D_24" type="String"/><field const="maxsize=22" dbtype="NUMBER(22)" desc="" name="D_25" type="String"/><field const="maxsize=22" dbtype="NUMBER(22)" desc="" name="D_26" type="String"/><field const="maxsize=22" dbtype="NUMBER(22)" desc="" name="D_27" type="String"/><field const="maxsize=22" dbtype="NUMBER(22)" desc="" name="D_28" type="String"/><field const="maxsize=22" dbtype="NUMBER(22)" desc="" name="D_29" type="String"/><field const="maxsize=22" dbtype="NUMBER(22)" desc="" name="D_30" type="String"/><field const="maxsize=22" dbtype="NUMBER(22)" desc="" name="D_31" type="String"/><field const="maxsize=22" dbtype="NUMBER(22)" desc="" name="MONTH_TOTAL" type="String"/></contents></table>