<?xml version="1.0" encoding="UTF-8"?>
<table name="PT_KICA_ERR_LOG" pkgname="sp.dao" schema=""><desc/><primarykey><key>SEQ</key></primarykey><contents><field const="notnull;maxsize=11" dbtype="NUMBER(11)" desc="" name="SEQ" type="String"/><field const="maxsize=1" dbtype="CHAR(1)" desc="" name="U_D_FLAG" type="String"/><field const="maxsize=8" dbtype="VARCHAR2(8)" desc="" name="YYYYMMDD" type="String"/><field const="maxsize=2" dbtype="VARCHAR2(2)" desc="" name="TRANSHOUR" type="String"/><field const="maxsize=60" dbtype="VARCHAR2(60)" desc="" name="FILENAME" type="String"/><field const="maxsize=1000" dbtype="VARCHAR2(1000)" desc="" name="ERRLOG" type="String"/><field const="maxsize=1" dbtype="CHAR(1)" desc="" name="RESULT_FLAG" type="String"/><field const="maxsize=24" dbtype="VARCHAR2(24)" desc="" name="UPD_DT" type="String"/><field const="maxsize=24" dbtype="VARCHAR2(24)" desc="" name="INS_DT" type="String"/></contents></table>