<?xml version="1.0" encoding="UTF-8"?>
<table name="PT_KICA_TRANS_LOG" pkgname="sp.dao" schema=""><desc/><primarykey><key>SEQ</key></primarykey><contents><field const="notnull;maxsize=11" dbtype="NUMBER(11)" desc="" name="SEQ" type="String"/><field const="maxsize=1" dbtype="CHAR(1)" desc="" name="U_D_FLAG" type="String"/><field const="maxsize=60" dbtype="VARCHAR2(60)" desc="" name="TABLE_NAME" type="String"/><field const="maxsize=2000" dbtype="VARCHAR2(2000)" desc="" name="LOG" type="String"/><field const="maxsize=1" dbtype="CHAR(1)" desc="" name="ERR_YN" type="String"/><field const="maxsize=24" dbtype="VARCHAR2(24)" desc="" name="UPD_DT" type="String"/><field const="maxsize=24" dbtype="VARCHAR2(24)" desc="" name="INS_DT" type="String"/></contents></table>