<?xml version="1.0" encoding="UTF-8"?>
<table name="PT_M_DICTOR_HUMAN_TRACE" pkgname="sp.dao" schema=""><desc/><primarykey><key>SEQ</key><key>TMP_WRT_NUM</key><key>WRT_NUM</key></primarykey><contents><field const="notnull;maxsize=12" dbtype="VARCHAR2(12)" desc="" name="WRT_NUM" type="String"/><field const="notnull;maxsize=12" dbtype="VARCHAR2(12)" desc="" name="TMP_WRT_NUM" type="String"/><field const="maxsize=16" dbtype="VARCHAR2(16)" desc="" name="OFFI_CODE" type="String"/><field const="maxsize=50" dbtype="VARCHAR2(50)" desc="" name="INVER_PART" type="String"/><field const="maxsize=50" dbtype="VARCHAR2(50)" desc="" name="INVER_POS" type="String"/><field const="maxsize=24" dbtype="VARCHAR2(24)" desc="" name="INS_DT" type="String"/><field const="maxsize=24" dbtype="VARCHAR2(24)" desc="" name="UPD_DT" type="String"/><field const="maxsize=16" dbtype="VARCHAR2(16)" desc="" name="WRT_ID" type="String"/><field const="notnull;maxsize=4" dbtype="NUMBER(4)" desc="" name="SEQ" type="String"/></contents></table>