<?xml version="1.0" encoding="UTF-8"?>
<table name="PT_M_CORRECT" pkgname="sp.dao" schema=""><desc/><primarykey><key>TMP_WRT_NUM</key><key>WRT_NUM</key></primarykey><contents><field const="notnull;maxsize=12" dbtype="VARCHAR2(12)" desc="" name="TMP_WRT_NUM" type="String"/><field const="notnull;maxsize=12" dbtype="VARCHAR2(12)" desc="" name="WRT_NUM" type="String"/><field const="maxsize=1024" dbtype="VARCHAR2(1024)" desc="" name="CORRECT_ORDER_CONT" type="String"/><field const="maxsize=8" dbtype="VARCHAR2(8)" desc="" name="CORRECT_ORDER_START_DT" type="String"/><field const="maxsize=8" dbtype="VARCHAR2(8)" desc="" name="CORRECT_ORDER_END_DT" type="String"/><field const="maxsize=24" dbtype="VARCHAR2(24)" desc="" name="INS_DT" type="String"/><field const="maxsize=24" dbtype="VARCHAR2(24)" desc="" name="UPD_DT" type="String"/><field const="maxsize=16" dbtype="VARCHAR2(16)" desc="" name="WRT_ID" type="String"/><field const="maxsize=8" dbtype="VARCHAR2(8)" desc="" name="DECISION_DATE" type="String"/><field const="maxsize=8" dbtype="VARCHAR2(8)" desc="" name="LIS_END_DATE" type="String"/><field const="maxsize=1" dbtype="VARCHAR2(1)" desc="" name="BEFORE_DISPO" type="String"/><field const="maxsize=1" dbtype="VARCHAR2(1)" desc="" name="OPINI_SUBMIT" type="String"/><field const="maxsize=8" dbtype="VARCHAR2(8)" desc="" name="OPINI_SUBMIT_DATE" type="String"/></contents></table>