<?xml version="1.0" encoding="UTF-8"?>
<table name="PT_M_AUDI_DICTION" pkgname="sp.dao" schema=""><desc/><primarykey><key>TMP_WRT_NUM</key><key>WRT_NUM</key></primarykey><contents><field const="notnull;maxsize=12" dbtype="VARCHAR2(12)" desc="" name="TMP_WRT_NUM" type="String"/><field const="notnull;maxsize=12" dbtype="VARCHAR2(12)" desc="" name="WRT_NUM" type="String"/><field const="maxsize=50" dbtype="VARCHAR2(50)" desc="" name="AUDI_SUBJ" type="String"/><field const="maxsize=50" dbtype="VARCHAR2(50)" desc="" name="AUDI_SUPINT_PART" type="String"/><field const="maxsize=50" dbtype="VARCHAR2(50)" desc="" name="AUDI_SUPINT_POS" type="String"/><field const="maxsize=20" dbtype="VARCHAR2(20)" desc="" name="AUDI_SUPINT_NM" type="String"/><field const="maxsize=20" dbtype="VARCHAR2(20)" desc="" name="AUDI_ATTEND_PERSON_NM" type="String"/><field const="maxsize=50" dbtype="VARCHAR2(50)" desc="" name="AUDI_ATTEND_PERSON_PART" type="String"/><field const="maxsize=1" dbtype="VARCHAR2(1)" desc="" name="AUDI_PER_ATTE_YN" type="String"/><field const="maxsize=512" dbtype="VARCHAR2(512)" desc="" name="AUDI_PER_NATTE_CAUSE" type="String"/><field const="maxsize=1" dbtype="VARCHAR2(1)" desc="" name="AUDI_OPN_YN" type="String"/><field const="maxsize=512" dbtype="VARCHAR2(512)" desc="" name="AUDI_NOPN_CAUSE" type="String"/><field const="maxsize=1024" dbtype="VARCHAR2(1024)" desc="" name="PER_STAT_CONT" type="String"/><field const="maxsize=512" dbtype="VARCHAR2(512)" desc="" name="PER_PRES_EVID" type="String"/><field const="maxsize=512" dbtype="VARCHAR2(512)" desc="" name="EVID_INV_EVID" type="String"/><field const="maxsize=256" dbtype="VARCHAR2(256)" desc="" name="ETC" type="String"/><field const="maxsize=24" dbtype="VARCHAR2(24)" desc="" name="INS_DT" type="String"/><field const="maxsize=24" dbtype="VARCHAR2(24)" desc="" name="UPD_DT" type="String"/><field const="maxsize=16" dbtype="VARCHAR2(16)" desc="" name="WRT_ID" type="String"/><field const="maxsize=1024" dbtype="VARCHAR2(1024)" desc="" name="EVID_INV_POIN" type="String"/><field const="maxsize=50" dbtype="VARCHAR2(50)" desc="" name="AUDI_ATTEND_PERSON_POS" type="String"/><field const="maxsize=8" dbtype="VARCHAR2(8)" desc="" name="AUDI_EXEC_DT" type="String"/><field const="maxsize=4" dbtype="VARCHAR2(4)" desc="" name="AUDI_EXEC_TIME" type="String"/><field const="maxsize=256" dbtype="VARCHAR2(256)" desc="" name="AUDI_EXEC_LOC" type="String"/></contents></table>