<?xml version="1.0" encoding="UTF-8"?>
<table name="PT_M_PROSECUTION" pkgname="sp.dao" schema=""><desc/><primarykey><key>TMP_WRT_NUM</key><key>WRT_NUM</key></primarykey><contents><field const="notnull;maxsize=12" dbtype="VARCHAR2(12)" desc="" name="TMP_WRT_NUM" type="String"/><field const="notnull;maxsize=12" dbtype="VARCHAR2(12)" desc="" name="WRT_NUM" type="String"/><field const="maxsize=8" dbtype="VARCHAR2(8)" desc="" name="PRSEC_DT" type="String"/><field const="maxsize=1024" dbtype="VARCHAR2(1024)" desc="" name="PRSEC_CONT" type="String"/><field const="maxsize=16" dbtype="VARCHAR2(16)" desc="" name="PRSEC_PERSON_ID" type="String"/><field const="maxsize=100" dbtype="VARCHAR2(100)" desc="" name="PRSEC_PART" type="String"/><field const="maxsize=17" dbtype="VARCHAR2(17)" desc="" name="PRSEC_PART_TELNUM" type="String"/><field const="maxsize=20" dbtype="VARCHAR2(20)" desc="" name="PRSEC_PART_OFFI" type="String"/><field const="maxsize=24" dbtype="VARCHAR2(24)" desc="" name="INS_DT" type="String"/><field const="maxsize=24" dbtype="VARCHAR2(24)" desc="" name="UPD_DT" type="String"/><field const="maxsize=16" dbtype="VARCHAR2(16)" desc="" name="WRT_ID" type="String"/></contents></table>