<?xml version="1.0" encoding="UTF-8"?>
<table name="PT_M_NEGLIGENCE" pkgname="sp.dao" schema=""><desc/><primarykey><key>TMP_WRT_NUM</key><key>WRT_NUM</key></primarykey><contents><field const="notnull;maxsize=12" dbtype="VARCHAR2(12)" desc="" name="TMP_WRT_NUM" type="String"/><field const="notnull;maxsize=12" dbtype="VARCHAR2(12)" desc="" name="WRT_NUM" type="String"/><field const="maxsize=8" dbtype="VARCHAR2(8)" desc="" name="OPIN_COLL_DT" type="String"/><field const="maxsize=1024" dbtype="VARCHAR2(1024)" desc="" name="OPIN_COLL_CONT" type="String"/><field const="maxsize=24" dbtype="VARCHAR2(24)" desc="" name="INS_DT" type="String"/><field const="maxsize=24" dbtype="VARCHAR2(24)" desc="" name="UPD_DT" type="String"/><field const="maxsize=16" dbtype="VARCHAR2(16)" desc="" name="WRT_ID" type="String"/><field const="maxsize=14" dbtype="NUMBER(14)" desc="" name="NEFI" type="String"/><field const="maxsize=8" dbtype="VARCHAR2(8)" desc="" name="PAY_LIM" type="String"/><field const="maxsize=8" dbtype="VARCHAR2(8)" desc="" name="PAY_DT" type="String"/><field const="maxsize=1" dbtype="VARCHAR2(1)" desc="" name="PAY_YN" type="String"/><field const="maxsize=512" dbtype="VARCHAR2(512)" desc="" name="REMARK" type="String"/><field const="maxsize=8" dbtype="VARCHAR2(8)" desc="" name="DESION_DATE" type="String"/><field const="maxsize=8" dbtype="VARCHAR2(8)" desc="" name="LIS_END_DATE" type="String"/><field const="maxsize=1" dbtype="VARCHAR2(1)" desc="" name="OPINI_SUBMIT" type="String"/><field const="maxsize=1" dbtype="VARCHAR2(1)" desc="" name="BEFORE_DISPO" type="String"/><field const="maxsize=8" dbtype="VARCHAR2(8)" desc="" name="OPINI_SUBMIT_DATE" type="String"/></contents></table>