<?xml version="1.0" encoding="UTF-8"?>
<table name="PT_MODIFY_REQ" pkgname="sp.dao" schema=""><desc/><primarykey><key>SEQ</key></primarykey><contents><field const="notnull;maxsize=6" dbtype="VARCHAR2(6)" desc="" name="SEQ" type="String"/><field const="maxsize=20" dbtype="VARCHAR2(20)" desc="" name="RECV_NAME" type="String"/><field const="maxsize=20" dbtype="VARCHAR2(20)" desc="" name="RECV_PART_SIDO" type="String"/><field const="maxsize=30" dbtype="VARCHAR2(30)" desc="" name="RECV_PART_SIGUNGU" type="String"/><field const="maxsize=20" dbtype="VARCHAR2(20)" desc="" name="RECV_POS" type="String"/><field const="maxsize=20" dbtype="VARCHAR2(20)" desc="" name="CONSULT_NAME" type="String"/><field const="maxsize=20" dbtype="VARCHAR2(20)" desc="" name="CONSULT_PART_SIDO" type="String"/><field const="maxsize=30" dbtype="VARCHAR2(30)" desc="" name="CONSULT_PART_SIGUNGU" type="String"/><field const="maxsize=20" dbtype="VARCHAR2(20)" desc="" name="CONSULT_POS" type="String"/><field const="maxsize=8" dbtype="VARCHAR2(8)" desc="" name="RECV_DT" type="String"/><field const="maxsize=30" dbtype="VARCHAR2(30)" desc="" name="RECV_METHOD" type="String"/><field const="maxsize=500" dbtype="VARCHAR2(500)" desc="" name="DEMAND_CONTENTS" type="String"/><field const="maxsize=256" dbtype="VARCHAR2(256)" desc="" name="REMARK" type="String"/><field const="maxsize=20" dbtype="VARCHAR2(20)" desc="" name="PROC_OUT" type="String"/><field const="maxsize=8" dbtype="VARCHAR2(8)" desc="" name="PROC_DT" type="String"/><field const="maxsize=6" dbtype="VARCHAR2(6)" desc="" name="PROC_TIME" type="String"/><field const="maxsize=4" dbtype="VARCHAR2(4)" desc="" name="RECV_AREA" type="String"/><field const="maxsize=4" dbtype="VARCHAR2(4)" desc="" name="CONSULT_AREA" type="String"/></contents></table>