<?xml version="1.0" encoding="UTF-8"?>
<table name="PT_M_REGIST_CANCEL" pkgname="sp.dao" schema=""><desc/><primarykey><key>TMP_WRT_NUM</key><key>WRT_NUM</key></primarykey><contents><field const="notnull;maxsize=12" dbtype="VARCHAR2(12)" desc="" name="TMP_WRT_NUM" type="String"/><field const="notnull;maxsize=12" dbtype="VARCHAR2(12)" desc="" name="WRT_NUM" type="String"/><field const="maxsize=1" dbtype="VARCHAR2(1)" desc="" name="AUDI_EXEC_YN" type="String"/><field const="maxsize=512" dbtype="VARCHAR2(512)" desc="" name="AUDI_NONEXEC_CAUSE" type="String"/><field const="maxsize=24" dbtype="VARCHAR2(24)" desc="" name="INS_DT" type="String"/><field const="maxsize=24" dbtype="VARCHAR2(24)" desc="" name="UPD_DT" type="String"/><field const="maxsize=16" dbtype="VARCHAR2(16)" desc="" name="WRT_ID" type="String"/><field const="maxsize=8" dbtype="VARCHAR2(8)" desc="" name="DECISION_DATE" type="String"/></contents></table>