<?xml version="1.0" encoding="UTF-8"?>
<table name="PT_M_AUDI_REPORT" pkgname="sp.dao" schema=""><desc/><primarykey><key>TMP_WRT_NUM</key><key>WRT_NUM</key></primarykey><contents><field const="notnull;maxsize=12" dbtype="VARCHAR2(12)" desc="" name="TMP_WRT_NUM" type="String"/><field const="notnull;maxsize=12" dbtype="VARCHAR2(12)" desc="" name="WRT_NUM" type="String"/><field const="maxsize=50" dbtype="VARCHAR2(50)" desc="" name="AUDI_SUBJ" type="String"/><field const="maxsize=1024" dbtype="VARCHAR2(1024)" desc="" name="ADMI_DISPO_CAUSE" type="String"/><field const="maxsize=6" dbtype="VARCHAR2(6)" desc="" name="ADMI_DISPO_CONT" type="String"/><field const="maxsize=50" dbtype="VARCHAR2(50)" desc="" name="AUDI_SUPINT_PART" type="String"/><field const="maxsize=50" dbtype="VARCHAR2(50)" desc="" name="AUDI_SUPINT_POS" type="String"/><field const="maxsize=20" dbtype="VARCHAR2(20)" desc="" name="AUDI_SUPINT_NM" type="String"/><field const="maxsize=60" dbtype="VARCHAR2(60)" desc="" name="AUDI_PER_NM" type="String"/><field const="maxsize=200" dbtype="VARCHAR2(200)" desc="" name="AUDI_PER_ADDR" type="String"/><field const="maxsize=6" dbtype="VARCHAR2(6)" desc="" name="LEG_BAS" type="String"/><field const="maxsize=40" dbtype="VARCHAR2(40)" desc="" name="AUDI_EXEC_ORG" type="String"/><field const="maxsize=50" dbtype="VARCHAR2(50)" desc="" name="AUDI_EXEC_PART" type="String"/><field const="maxsize=100" dbtype="VARCHAR2(100)" desc="" name="AUDI_EXEC_ADDR" type="String"/><field const="maxsize=100" dbtype="VARCHAR2(100)" desc="" name="AUDI_EXEC_DETAILADDR" type="String"/><field const="maxsize=8" dbtype="VARCHAR2(8)" desc="" name="AUDI_EXEC_DT" type="String"/><field const="maxsize=4" dbtype="VARCHAR2(4)" desc="" name="AUDI_EXEC_TIME" type="String"/><field const="maxsize=24" dbtype="VARCHAR2(24)" desc="" name="INS_DT" type="String"/><field const="maxsize=24" dbtype="VARCHAR2(24)" desc="" name="UPD_DT" type="String"/><field const="maxsize=16" dbtype="VARCHAR2(16)" desc="" name="WRT_ID" type="String"/></contents></table>