<?xml version="1.0" encoding="UTF-8"?>
<table name="PT_MI_USER_BASIC" pkgname="sp.dao" schema=""><desc/><primarykey><key>OFFI_ID</key></primarykey><contents><field const="notnull;maxsize=16" dbtype="VARCHAR2(16)" desc="" name="OFFI_ID" type="String"/><field const="notnull;maxsize=40" dbtype="VARCHAR2(40)" desc="" name="NM" type="String"/><field const="maxsize=16" dbtype="VARCHAR2(16)" desc="" name="TEL" type="String"/><field const="maxsize=10" dbtype="VARCHAR2(10)" desc="" name="SIDO_CODE" type="String"/><field const="maxsize=10" dbtype="VARCHAR2(10)" desc="" name="SIGUNGU_CODE" type="String"/><field const="maxsize=50" dbtype="VARCHAR2(50)" desc="" name="PART" type="String"/><field const="maxsize=20" dbtype="VARCHAR2(20)" desc="" name="POS" type="String"/><field const="maxsize=5" dbtype="VARCHAR2(5)" desc="" name="GROUP_CODE" type="String"/><field const="maxsize=16" dbtype="VARCHAR2(16)" desc="" name="WRT_ID" type="String"/><field const="maxsize=24" dbtype="VARCHAR2(24)" desc="" name="INS_DT" type="String"/><field const="maxsize=24" dbtype="VARCHAR2(24)" desc="" name="UPD_DT" type="String"/><field const="maxsize=16" dbtype="VARCHAR2(16)" desc="" name="PASS" type="String"/><field const="maxsize=5" dbtype="VARCHAR2(5)" desc="" name="HOME_GROUP" type="String"/><field const="maxsize=16" dbtype="VARCHAR2(16)" desc="" name="MOBILE" type="String"/><field const="maxsize=128" dbtype="VARCHAR2(128)" desc="" name="E_MAIL" type="String"/><field const="maxsize=26" dbtype="VARCHAR2(26)" desc="" name="OFFSEAL" type="String"/><field const="maxsize=20" dbtype="VARCHAR2(20)" desc="" name="TEL1" type="String"/><field const="maxsize=20" dbtype="VARCHAR2(20)" desc="" name="TEL2" type="String"/><field const="maxsize=20" dbtype="VARCHAR2(20)" desc="" name="TEL3" type="String"/><field const="maxsize=20" dbtype="VARCHAR2(20)" desc="" name="MOBILE1" type="String"/><field const="maxsize=20" dbtype="VARCHAR2(20)" desc="" name="MOBILE2" type="String"/><field const="maxsize=20" dbtype="VARCHAR2(20)" desc="" name="MOBILE3" type="String"/><field const="maxsize=26" dbtype="VARCHAR2(26)" desc="" name="PHOTO" type="String"/><field const="maxsize=20" dbtype="VARCHAR2(20)" desc="" name="FAX1" type="String"/><field const="maxsize=20" dbtype="VARCHAR2(20)" desc="" name="FAX2" type="String"/><field const="maxsize=20" dbtype="VARCHAR2(20)" desc="" name="FAX3" type="String"/><field const="maxsize=20" dbtype="VARCHAR2(20)" desc="" name="FAX" type="String"/></contents></table>