<?xml version="1.0" encoding="UTF-8"?>
<table name="PT_M_MASTER" pkgname="sp.dao" schema=""><desc/><primarykey><key>TMP_WRT_NUM</key><key>WRT_NUM</key></primarykey><contents><field const="notnull;maxsize=12" dbtype="VARCHAR2(12)" desc="" name="TMP_WRT_NUM" type="String"/><field const="notnull;maxsize=12" dbtype="VARCHAR2(12)" desc="" name="WRT_NUM" type="String"/><field const="maxsize=8" dbtype="VARCHAR2(8)" desc="" name="WRT_DT" type="String"/><field const="maxsize=16" dbtype="VARCHAR2(16)" desc="" name="REGR" type="String"/><field const="maxsize=50" dbtype="VARCHAR2(50)" desc="" name="VIOL_CONT_CODE" type="String"/><field const="maxsize=8" dbtype="VARCHAR2(8)" desc="" name="VIOL_DT" type="String"/><field const="maxsize=6" dbtype="VARCHAR2(6)" desc="" name="D_PER_CODE" type="String"/><field const="maxsize=6" dbtype="VARCHAR2(6)" desc="" name="DISPO_CONT" type="String"/><field const="maxsize=512" dbtype="VARCHAR2(512)" desc="" name="DISPO_CAUSE" type="String"/><field const="maxsize=8" dbtype="VARCHAR2(8)" desc="" name="DISPO_DT" type="String"/><field const="maxsize=6" dbtype="VARCHAR2(6)" desc="" name="MOT_STE" type="String"/><field const="maxsize=24" dbtype="VARCHAR2(24)" desc="" name="INS_DT" type="String"/><field const="maxsize=24" dbtype="VARCHAR2(24)" desc="" name="UPD_DT" type="String"/><field const="maxsize=16" dbtype="VARCHAR2(16)" desc="" name="WRT_ID" type="String"/><field const="maxsize=4" dbtype="VARCHAR2(4)" desc="" name="SIDO_CODE" type="String"/><field const="maxsize=256" dbtype="VARCHAR2(256)" desc="" name="REMARK" type="String"/><field const="maxsize=256" dbtype="VARCHAR2(256)" desc="" name="LEG_BAS" type="String"/><field const="maxsize=1" dbtype="VARCHAR2(1)" desc="" name="SND_STE" type="String"/><field const="maxsize=8" dbtype="VARCHAR2(8)" desc="" name="SND_DT" type="String"/><field const="maxsize=8" dbtype="VARCHAR2(8)" desc="" name="HOME_NOTE" type="String"/><field const="maxsize=8" dbtype="VARCHAR2(8)" desc="" name="NOTE_GUID_DT" type="String"/><field const="maxsize=8" dbtype="VARCHAR2(8)" desc="" name="OFFI_REPORT_DT" type="String"/><field const="maxsize=8" dbtype="VARCHAR2(8)" desc="" name="ASSO_GUILD_DT" type="String"/><field const="maxsize=24" dbtype="VARCHAR2(24)" desc="" name="RECV_NUM" type="String"/><field const="maxsize=6" dbtype="VARCHAR2(6)" desc="" name="DISPO_CONT2" type="String"/><field const="maxsize=8" dbtype="VARCHAR2(8)" desc="" name="BUSISUSP_START_DT" type="String"/><field const="maxsize=8" dbtype="VARCHAR2(8)" desc="" name="BUSISUSP_END_DT" type="String"/><field const="maxsize=50" dbtype="VARCHAR2(50)" desc="" name="DOC_CODE" type="String"/></contents></table>