<?xml version="1.0" encoding="UTF-8"?>
<table name="PT_M_AUDI_OPINION" pkgname="sp.dao" schema=""><desc/><primarykey><key>TMP_WRT_NUM</key><key>WRT_NUM</key></primarykey><contents><field const="notnull;maxsize=12" dbtype="VARCHAR2(12)" desc="" name="TMP_WRT_NUM" type="String"/><field const="notnull;maxsize=12" dbtype="VARCHAR2(12)" desc="" name="WRT_NUM" type="String"/><field const="maxsize=1024" dbtype="VARCHAR2(1024)" desc="" name="DISPO_CONT" type="String"/><field const="maxsize=1024" dbtype="VARCHAR2(1024)" desc="" name="CHEF_OPIN" type="String"/><field const="maxsize=1024" dbtype="VARCHAR2(1024)" desc="" name="ETC" type="String"/><field const="maxsize=24" dbtype="VARCHAR2(24)" desc="" name="INS_DT" type="String"/><field const="maxsize=24" dbtype="VARCHAR2(24)" desc="" name="UPD_DT" type="String"/><field const="maxsize=16" dbtype="VARCHAR2(16)" desc="" name="WRT_ID" type="String"/></contents></table>