<?xml version="1.0" encoding="UTF-8"?>
<table name="PT_PERMISSION_GROUP" pkgname="sp.dao" schema=""><desc/><primarykey><key>GROUP_SEQ</key></primarykey><contents><field const="notnull;maxsize=11" dbtype="INT(11)" desc="" name="GROUP_SEQ" type="String"/><field const="maxsize=200" dbtype="VARCHAR(200)" desc="" name="NAME" type="String"/><field const="maxsize=30" dbtype="VARCHAR(30)" desc="" name="INPT_DT" type="String"/><field const="maxsize=65535" dbtype="TEXT(65535)" desc="" name="DESCRIPTION" type="String"/></contents></table>