<?xml version="1.0" encoding="UTF-8"?>
<table name="PT_PG" pkgname="sp.dao" schema=""><desc/><primarykey><key>PG_ID</key></primarykey><contents><field const="notnull;maxsize=10" dbtype="NUMBER(10)" desc="" name="PG_ID" type="String"/><field const="maxsize=100" dbtype="VARCHAR2(100)" desc="" name="PG_NAME" type="String"/><field const="maxsize=200" dbtype="VARCHAR2(200)" desc="" name="PG_URL" type="String"/><field const="maxsize=7" dbtype="DATE" desc="" name="UPD_DT" type="Date"/><field const="maxsize=1" dbtype="VARCHAR2(1)" desc="" name="USE_YN" type="String"/><field const="maxsize=22" dbtype="NUMBER(22)" desc="" name="ORDER_SEQ" type="String"/><field const="maxsize=5" dbtype="VARCHAR2(5)" desc="" name="PG_GROUP_ID" type="String"/></contents></table>