<?xml version="1.0" encoding="UTF-8"?>
<table name="PT_PERMISSION_TARGET" pkgname="sp.dao" schema=""><desc/><primarykey><key>TARGET_SEQ</key></primarykey><contents><field const="notnull;maxsize=11" dbtype="INT(11)" desc="" name="TARGET_SEQ" type="String"/><field const="maxsize=200" dbtype="VARCHAR(200)" desc="" name="URL" type="String"/><field const="maxsize=65535" dbtype="TEXT(65535)" desc="" name="DESCRIPTION" type="String"/><field const="maxsize=100" dbtype="VARCHAR(100)" desc="" name="CMD" type="String"/><field const="maxsize=30" dbtype="VARCHAR(30)" desc="" name="INP_DT" type="String"/><field const="maxsize=100" dbtype="VARCHAR(100)" desc="" name="CT_ID" type="String"/></contents></table>