<?xml version="1.0" encoding="UTF-8"?>
<table name="PT_PAGE_CODE" pkgname="sp.dao" schema=""><desc/><primarykey><key>CODE_GROUP_ID</key></primarykey><contents><field const="notnull;maxsize=22" dbtype="NUMBER(22)" desc="" name="CODE_GROUP_ID" type="String"/><field const="maxsize=4" dbtype="VARCHAR2(4)" desc="" name="CODE_GROUP" type="String"/><field const="maxsize=16" dbtype="VARCHAR2(16)" desc="" name="CODE" type="String"/><field const="maxsize=50" dbtype="VARCHAR2(50)" desc="" name="CODE_NAME" type="String"/><field const="maxsize=100" dbtype="VARCHAR2(100)" desc="" name="CODE_URL" type="String"/><field const="maxsize=22" dbtype="NUMBER(22)" desc="" name="ORDER_NUM" type="String"/><field const="maxsize=1" dbtype="VARCHAR2(1)" desc="" name="USE_YN" type="String"/></contents></table>