<?xml version="1.0" encoding="UTF-8"?>
<table name="PT_R_REGIST_STATEMENT" pkgname="sp.dao" schema=""><desc/><primarykey><key>RECV_NUM</key><key>SIDO_CODE</key></primarykey><contents><field const="notnull;maxsize=12" dbtype="VARCHAR2(12)" desc="" name="RECV_NUM" type="String"/><field const="notnull;maxsize=4" dbtype="VARCHAR2(4)" desc="" name="SIDO_CODE" type="String"/><field const="maxsize=8" dbtype="VARCHAR2(8)" desc="" name="RECV_DT" type="String"/><field const="maxsize=4" dbtype="VARCHAR2(4)" desc="" name="RECV_TIME" type="String"/><field const="maxsize=8" dbtype="VARCHAR2(8)" desc="" name="PROC_LIM" type="String"/><field const="maxsize=50" dbtype="VARCHAR2(50)" desc="" name="OFFI_PART" type="String"/><field const="maxsize=12" dbtype="VARCHAR2(12)" desc="" name="OFFI_PART_REBO_WRT_NUM" type="String"/><field const="maxsize=50" dbtype="VARCHAR2(50)" desc="" name="NAME" type="String"/><field const="maxsize=18" dbtype="VARCHAR2(18)" desc="" name="MANA_NUM" type="String"/><field const="maxsize=18" dbtype="VARCHAR2(18)" desc="" name="COM_NUM" type="String"/><field const="maxsize=20" dbtype="VARCHAR2(20)" desc="" name="REP_NM_KOR" type="String"/><field const="maxsize=20" dbtype="VARCHAR2(20)" desc="" name="REP_NM_HAN" type="String"/><field const="maxsize=6" dbtype="VARCHAR2(6)" desc="" name="ADDR_POST_NUM" type="String"/><field const="maxsize=200" dbtype="VARCHAR2(200)" desc="" name="ADDR_DETAIL_ADDR" type="String"/><field const="maxsize=17" dbtype="VARCHAR2(17)" desc="" name="ADDR_TEL_NUM" type="String"/><field const="maxsize=17" dbtype="VARCHAR2(17)" desc="" name="ADDR_FAX_NUM" type="String"/><field const="maxsize=1" dbtype="VARCHAR2(1)" desc="" name="DEFI_STE" type="String"/><field const="maxsize=16" dbtype="VARCHAR2(16)" desc="" name="WRT_ID" type="String"/><field const="maxsize=24" dbtype="VARCHAR2(24)" desc="" name="UPD_DT" type="String"/><field const="maxsize=24" dbtype="VARCHAR2(24)" desc="" name="INS_DT" type="String"/><field const="maxsize=100" dbtype="VARCHAR2(100)" desc="" name="ADDR_ADDR" type="String"/><field const="maxsize=6" dbtype="VARCHAR2(6)" desc="" name="PROC_TIME" type="String"/><field const="maxsize=17" dbtype="VARCHAR2(17)" desc="" name="REP_MOBILE" type="String"/><field const="maxsize=4" dbtype="VARCHAR2(4)" desc="" name="REP_MOBILE2" type="String"/><field const="maxsize=4" dbtype="VARCHAR2(4)" desc="" name="REP_MOBILE3" type="String"/><field const="maxsize=4" dbtype="VARCHAR2(4)" desc="" name="ADDR_TEL_NUM2" type="String"/><field const="maxsize=4" dbtype="VARCHAR2(4)" desc="" name="ADDR_TEL_NUM3" type="String"/><field const="maxsize=4" dbtype="VARCHAR2(4)" desc="" name="ADDR_FAX_NUM2" type="String"/><field const="maxsize=4" dbtype="VARCHAR2(4)" desc="" name="ADDR_FAX_NUM3" type="String"/><field const="maxsize=4" dbtype="VARCHAR2(4)" desc="" name="ADDR_TEL_NUM1" type="String"/><field const="maxsize=4" dbtype="VARCHAR2(4)" desc="" name="ADDR_FAX_NUM1" type="String"/><field const="maxsize=4" dbtype="VARCHAR2(4)" desc="" name="REP_MOBILE1" type="String"/><field const="maxsize=18" dbtype="VARCHAR2(18)" desc="" name="REP_SSN1" type="String"/><field const="maxsize=21" dbtype="VARCHAR2(21)" desc="" name="REP_SSN2" type="String"/><field const="maxsize=25" dbtype="VARCHAR2(25)" desc="" name="GUBUN" type="String"/><field const="maxsize=12" dbtype="VARCHAR2(12)" desc="" name="COI_WRT_NUM" type="String"/><field const="maxsize=6" dbtype="VARCHAR2(6)" desc="" name="MOT_STE" type="String"/><field const="maxsize=50" dbtype="VARCHAR2(50)" desc="" name="DOC_CODE" type="String"/><field const="maxsize=3" dbtype="VARCHAR2(3)" desc="" name="COMMANA_CLASS" type="String"/><field const="maxsize=10" dbtype="VARCHAR2(10)" desc="" name="OFFICE_AREA" type="String"/><field const="maxsize=6" dbtype="VARCHAR2(6)" desc="" name="DIAG_ORG_CODE" type="String"/><field const="maxsize=20" dbtype="VARCHAR2(20)" desc="" name="DIAG_NM_NM" type="String"/><field const="maxsize=8" dbtype="VARCHAR2(8)" desc="" name="COMPANY_DIAG_BAS_DT" type="String"/><field const="maxsize=15" dbtype="VARCHAR2(15)" desc="" name="PAY_CAP" type="String"/><field const="maxsize=12" dbtype="VARCHAR2(12)" desc="" name="DIAG_NM_WRT_NUM" type="String"/><field const="maxsize=24" dbtype="VARCHAR2(24)" desc="" name="COMPANY_DIAG_ISSUE_DT" type="String"/><field const="maxsize=15" dbtype="VARCHAR2(15)" desc="" name="REA_CAP" type="String"/><field const="maxsize=6" dbtype="VARCHAR2(6)" desc="" name="TUP_CLASS_CODE" type="String"/><field const="maxsize=15" dbtype="VARCHAR2(15)" desc="" name="TUP_AOM" type="String"/><field const="maxsize=50" dbtype="VARCHAR2(50)" desc="" name="OFFICE_USE_NAME" type="String"/><field const="maxsize=1" dbtype="VARCHAR2(1)" desc="" name="OFFICE_OWN_CLASS" type="String"/><field const="maxsize=1" dbtype="VARCHAR2(1)" desc="" name="LICTAX" type="String"/><field const="maxsize=1" dbtype="VARCHAR2(1)" desc="" name="HOSCRE" type="String"/><field const="maxsize=256" dbtype="VARCHAR2(256)" desc="" name="MEMO_CONT" type="String"/><field const="maxsize=12" dbtype="VARCHAR2(12)" desc="" name="TMP_WRT_NUM" type="String"/><field const="maxsize=8" dbtype="VARCHAR2(8)" desc="" name="WRT_DT" type="String"/><field const="maxsize=8" dbtype="VARCHAR2(8)" desc="" name="BUSS_YMD" type="String"/><field const="maxsize=1" dbtype="VARCHAR2(1)" desc="" name="FOREIGN_YN" type="String"/><field const="maxsize=8" dbtype="VARCHAR2(8)" desc="" name="REGIST_YMD" type="String"/><field const="maxsize=6" dbtype="VARCHAR2(6)" desc="" name="STA_CHG_CLASS_CODE" type="String"/><field const="maxsize=8" dbtype="VARCHAR2(8)" desc="" name="CHG_DT" type="String"/><field const="maxsize=4" dbtype="VARCHAR2(4)" desc="" name="EXT_CHG_CLASS_CODE" type="String"/></contents></table>