<?xml version="1.0" encoding="UTF-8"?>
<table name="PT_R_CHANGE_STATEMENT" pkgname="sp.dao" schema=""><desc/><primarykey><key>RECV_NUM</key><key>SIDO_CODE</key></primarykey><contents><field const="notnull;maxsize=12" dbtype="VARCHAR2(12)" desc="" name="RECV_NUM" type="String"/><field const="notnull;maxsize=4" dbtype="VARCHAR2(4)" desc="" name="SIDO_CODE" type="String"/><field const="maxsize=8" dbtype="VARCHAR2(8)" desc="" name="RECV_DT" type="String"/><field const="maxsize=4" dbtype="VARCHAR2(4)" desc="" name="RECV_TIME" type="String"/><field const="maxsize=8" dbtype="VARCHAR2(8)" desc="" name="PROC_LIM" type="String"/><field const="maxsize=12" dbtype="VARCHAR2(12)" desc="" name="TMP_WRT_NUM" type="String"/><field const="maxsize=8" dbtype="VARCHAR2(8)" desc="" name="COV_DT" type="String"/><field const="maxsize=13" dbtype="VARCHAR2(13)" desc="" name="COM_NUM" type="String"/><field const="maxsize=1" dbtype="VARCHAR2(1)" desc="" name="DEFI_STE" type="String"/><field const="maxsize=16" dbtype="VARCHAR2(16)" desc="" name="WRT_ID" type="String"/><field const="maxsize=24" dbtype="VARCHAR2(24)" desc="" name="INS_DT" type="String"/><field const="maxsize=24" dbtype="VARCHAR2(24)" desc="" name="UPD_DT" type="String"/></contents></table>