<?xml version="1.0" encoding="UTF-8"?>
<table name="PT_R_ENGINEER_M_ACADEMIC" pkgname="sp.dao" schema=""><desc/><primarykey><key>CARE_BOOK_ISSUE_NUM</key><key>SEQ</key></primarykey><contents><field const="notnull;maxsize=12" dbtype="VARCHAR2(12)" desc="" name="SEQ" type="String"/><field const="notnull;maxsize=15" dbtype="VARCHAR2(15)" desc="" name="CARE_BOOK_ISSUE_NUM" type="String"/><field const="maxsize=50" dbtype="VARCHAR2(50)" desc="" name="SCHNM" type="String"/><field const="maxsize=50" dbtype="VARCHAR2(50)" desc="" name="SUBJ_MAJ" type="String"/><field const="maxsize=12" dbtype="VARCHAR2(12)" desc="" name="GRA_YMD" type="String"/><field const="maxsize=16" dbtype="VARCHAR2(16)" desc="" name="WRT_ID" type="String"/><field const="maxsize=24" dbtype="VARCHAR2(24)" desc="" name="UPD_DT" type="String"/><field const="maxsize=24" dbtype="VARCHAR2(24)" desc="" name="WRT_DT" type="String"/><field const="maxsize=20" dbtype="VARCHAR2(20)" desc="" name="ETC1" type="String"/></contents></table>