<?xml version="1.0" encoding="UTF-8"?>
<table name="PT_R_DEFICIT" pkgname="sp.dao" schema=""><desc/><primarykey/><contents><field const="notnull;maxsize=4" dbtype="NUMBER(4)" desc="" name="DEFI_SEQ" type="String"/><field const="maxsize=6" dbtype="VARCHAR2(6)" desc="" name="DEFI_CODE" type="String"/><field const="maxsize=1" dbtype="VARCHAR2(1)" desc="" name="DEFI_OUT" type="String"/><field const="maxsize=16" dbtype="VARCHAR2(16)" desc="" name="WRT_ID" type="String"/><field const="maxsize=24" dbtype="VARCHAR2(24)" desc="" name="UPD_DT" type="String"/><field const="maxsize=24" dbtype="VARCHAR2(24)" desc="" name="INS_DT" type="String"/><field const="notnull;maxsize=12" dbtype="VARCHAR2(12)" desc="" name="RECV_NUM" type="String"/><field const="notnull;maxsize=4" dbtype="VARCHAR2(4)" desc="" name="SIDO_CODE" type="String"/><field const="maxsize=12" dbtype="VARCHAR2(12)" desc="" name="DEFI_GROUP" type="String"/><field const="maxsize=2" dbtype="VARCHAR2(2)" desc="" name="DEFI_PROC" type="String"/></contents></table>