<?xml version="1.0" encoding="UTF-8"?>
<table name="PT_R_ENGINEER_M_PRIZE" pkgname="sp.dao" schema=""><desc/><primarykey><key>CARE_BOOK_ISSUE_NUM</key><key>SEQ</key></primarykey><contents><field const="notnull;maxsize=12" dbtype="VARCHAR2(12)" desc="" name="SEQ" type="String"/><field const="notnull;maxsize=20" dbtype="VARCHAR2(20)" desc="" name="CARE_BOOK_ISSUE_NUM" type="String"/><field const="maxsize=20" dbtype="VARCHAR2(20)" desc="" name="YMD" type="String"/><field const="maxsize=30" dbtype="VARCHAR2(30)" desc="" name="ITEM" type="String"/><field const="maxsize=30" dbtype="VARCHAR2(30)" desc="" name="PAD_REST_TERM" type="String"/><field const="maxsize=30" dbtype="VARCHAR2(30)" desc="" name="BAS" type="String"/><field const="maxsize=16" dbtype="VARCHAR2(16)" desc="" name="WRT_ID" type="String"/><field const="maxsize=24" dbtype="VARCHAR2(24)" desc="" name="UPD_DT" type="String"/><field const="maxsize=24" dbtype="VARCHAR2(24)" desc="" name="WRT_DT" type="String"/><field const="maxsize=30" dbtype="VARCHAR2(30)" desc="" name="ETC1" type="String"/><field const="maxsize=50" dbtype="VARCHAR2(50)" desc="" name="ETC2" type="String"/></contents></table>