<?xml version="1.0" encoding="UTF-8"?>
<table name="PT_R_DEFICIT_CODE" pkgname="sp.dao" schema=""><desc/><primarykey><key>DEFI_CODE</key><key>DEFI_GROUP</key></primarykey><contents><field const="notnull;maxsize=6" dbtype="VARCHAR2(6)" desc="" name="DEFI_CODE" type="String"/><field const="maxsize=500" dbtype="VARCHAR2(500)" desc="" name="CONT" type="String"/><field const="maxsize=16" dbtype="VARCHAR2(16)" desc="" name="WRT_ID" type="String"/><field const="maxsize=24" dbtype="VARCHAR2(24)" desc="" name="UPD_DT" type="String"/><field const="maxsize=24" dbtype="VARCHAR2(24)" desc="" name="INS_DT" type="String"/><field const="notnull;maxsize=6" dbtype="VARCHAR2(6)" desc="" name="DEFI_GROUP" type="String"/></contents></table>