<?xml version="1.0" encoding="UTF-8"?>
<table name="PT_R_CHANGE_HISTORY" pkgname="sp.dao" schema=""><desc/><primarykey><key>CHANGE_SEQ</key><key>TMP_REG_NUM</key></primarykey><contents><field const="notnull;maxsize=20" dbtype="VARCHAR2(20)" desc="" name="CHANGE_SEQ" type="String"/><field const="maxsize=20" dbtype="VARCHAR2(20)" desc="" name="CHANGE_DIV" type="String"/><field const="maxsize=20" dbtype="VARCHAR2(20)" desc="" name="RC_REGIST_NUM" type="String"/><field const="maxsize=24" dbtype="VARCHAR2(24)" desc="" name="REC_NUM" type="String"/><field const="maxsize=20" dbtype="VARCHAR2(20)" desc="" name="REC_ORGAN" type="String"/><field const="maxsize=20" dbtype="VARCHAR2(20)" desc="" name="SD_CODE" type="String"/><field const="maxsize=20" dbtype="VARCHAR2(20)" desc="" name="REC_PERIOD" type="String"/><field const="maxsize=20" dbtype="VARCHAR2(20)" desc="" name="MEMO" type="String"/><field const="maxsize=16" dbtype="VARCHAR2(16)" desc="" name="WRT_ID" type="String"/><field const="maxsize=24" dbtype="VARCHAR2(24)" desc="" name="UDP_DT" type="String"/><field const="maxsize=24" dbtype="VARCHAR2(24)" desc="" name="INS_DT" type="String"/><field const="notnull;maxsize=18" dbtype="CHAR(18)" desc="" name="TMP_REG_NUM" type="String"/></contents></table>