<?xml version="1.0" encoding="UTF-8"?>
<table name="PT_R_DELIVERY_BOOK" pkgname="sp.dao" schema=""><desc/><primarykey><key>SEQ</key><key>TMP_WRT_NUM</key></primarykey><contents><field const="notnull;maxsize=4" dbtype="NUMBER(4)" desc="" name="SEQ" type="String"/><field const="notnull;maxsize=12" dbtype="VARCHAR2(12)" desc="" name="TMP_WRT_NUM" type="String"/><field const="maxsize=256" dbtype="VARCHAR2(256)" desc="" name="DELI_CAUSE" type="String"/><field const="maxsize=8" dbtype="VARCHAR2(8)" desc="" name="DELI_YMD" type="String"/><field const="maxsize=256" dbtype="VARCHAR2(256)" desc="" name="REMARK" type="String"/><field const="maxsize=16" dbtype="VARCHAR2(16)" desc="" name="WRT_ID" type="String"/><field const="maxsize=24" dbtype="VARCHAR2(24)" desc="" name="UPD_DT" type="String"/><field const="maxsize=24" dbtype="VARCHAR2(24)" desc="" name="INS_DT" type="String"/><field const="maxsize=6" dbtype="VARCHAR2(6)" desc="" name="DELI_CLASS" type="String"/></contents></table>