<?xml version="1.0" encoding="UTF-8"?>
<table name="PT_R_ASSI_TRANS_STATEMENT" pkgname="sp.dao" schema=""><desc/><primarykey><key>RECV_NUM</key><key>SIDO_CODE</key></primarykey><contents><field const="notnull;maxsize=12" dbtype="VARCHAR2(12)" desc="" name="RECV_NUM" type="String"/><field const="notnull;maxsize=4" dbtype="VARCHAR2(4)" desc="" name="SIDO_CODE" type="String"/><field const="maxsize=6" dbtype="VARCHAR2(6)" desc="" name="COI_WRT_NUM" type="String"/><field const="maxsize=6" dbtype="VARCHAR2(6)" desc="" name="MOT_STE" type="String"/><field const="maxsize=1" dbtype="VARCHAR2(1)" desc="" name="DEFI_STE" type="String"/><field const="maxsize=8" dbtype="VARCHAR2(8)" desc="" name="RECV_DT" type="String"/><field const="maxsize=6" dbtype="VARCHAR2(6)" desc="" name="RECV_TIME" type="String"/><field const="maxsize=8" dbtype="VARCHAR2(8)" desc="" name="PROC_LIM" type="String"/><field const="maxsize=4" dbtype="VARCHAR2(4)" desc="" name="PROC_TIME" type="String"/><field const="maxsize=24" dbtype="VARCHAR2(24)" desc="" name="CHG_DT" type="String"/><field const="maxsize=1" dbtype="VARCHAR2(1)" desc="" name="COMMANA_CLASS" type="String"/><field const="maxsize=18" dbtype="VARCHAR2(18)" desc="" name="MANA_NUM" type="String"/><field const="maxsize=50" dbtype="VARCHAR2(50)" desc="" name="NAME" type="String"/><field const="maxsize=18" dbtype="VARCHAR2(18)" desc="" name="REP_SSN1" type="String"/><field const="maxsize=21" dbtype="VARCHAR2(21)" desc="" name="REP_SSN2" type="String"/><field const="maxsize=20" dbtype="VARCHAR2(20)" desc="" name="REP_NM_KOR" type="String"/><field const="maxsize=20" dbtype="VARCHAR2(20)" desc="" name="REP_NM_HAN" type="String"/><field const="maxsize=17" dbtype="VARCHAR2(17)" desc="" name="REP_TEL_NUM" type="String"/><field const="maxsize=6" dbtype="VARCHAR2(6)" desc="" name="ADDR_POST_NUM" type="String"/><field const="maxsize=120" dbtype="VARCHAR2(120)" desc="" name="ADDR_ADDR" type="String"/><field const="maxsize=120" dbtype="VARCHAR2(120)" desc="" name="ADDR_DETAIL_ADDR" type="String"/><field const="maxsize=17" dbtype="VARCHAR2(17)" desc="" name="ADDR_TEL_NUM" type="String"/><field const="maxsize=17" dbtype="VARCHAR2(17)" desc="" name="ADDR_FAX_NUM" type="String"/><field const="maxsize=30" dbtype="VARCHAR2(30)" desc="" name="EMAIL_ADDR" type="String"/><field const="maxsize=10" dbtype="VARCHAR2(10)" desc="" name="OFFICE_AREA" type="String"/><field const="maxsize=6" dbtype="VARCHAR2(6)" desc="" name="OFFICE_USE_CODE" type="String"/><field const="maxsize=6" dbtype="VARCHAR2(6)" desc="" name="COMPANY_DIAG_CLASS_CODE" type="String"/><field const="maxsize=8" dbtype="VARCHAR2(8)" desc="" name="COMPANY_DIAG_BAS_DT" type="String"/><field const="maxsize=8" dbtype="VARCHAR2(8)" desc="" name="COMPANY_DIAG_ISSUE_DT" type="String"/><field const="maxsize=6" dbtype="VARCHAR2(6)" desc="" name="DIAG_ORG_CODE" type="String"/><field const="maxsize=50" dbtype="VARCHAR2(50)" desc="" name="DIAG_NM_NM" type="String"/><field const="maxsize=50" dbtype="VARCHAR2(50)" desc="" name="DIAG_NM_WRT_NUM" type="String"/><field const="maxsize=15" dbtype="VARCHAR2(15)" desc="" name="PAY_CAP" type="String"/><field const="maxsize=15" dbtype="VARCHAR2(15)" desc="" name="REA_CAP" type="String"/><field const="maxsize=15" dbtype="VARCHAR2(15)" desc="" name="TUP_AOM" type="String"/><field const="maxsize=6" dbtype="VARCHAR2(6)" desc="" name="TUP_CLASS_CODE" type="String"/><field const="maxsize=8" dbtype="VARCHAR2(8)" desc="" name="COM_COV_DT" type="String"/><field const="maxsize=8" dbtype="VARCHAR2(8)" desc="" name="BAS_STA_DT" type="String"/><field const="maxsize=1" dbtype="VARCHAR2(1)" desc="" name="OFFICE_OWN_CLASS" type="String"/><field const="maxsize=17" dbtype="VARCHAR2(17)" desc="" name="REP_MOBILE" type="String"/><field const="maxsize=1" dbtype="VARCHAR2(1)" desc="" name="LICTAX" type="String"/><field const="maxsize=1" dbtype="VARCHAR2(1)" desc="" name="HOSCRE" type="String"/><field const="maxsize=13" dbtype="VARCHAR2(13)" desc="" name="COM_NUM" type="String"/><field const="maxsize=25" dbtype="VARCHAR2(25)" desc="" name="GUBUN" type="String"/><field const="maxsize=30" dbtype="VARCHAR2(30)" desc="" name="DOC_CODE" type="String"/><field const="maxsize=20" dbtype="VARCHAR2(20)" desc="" name="OFFICE_USE_NAME" type="String"/><field const="maxsize=256" dbtype="VARCHAR2(256)" desc="" name="MEMO_CONT" type="String"/><field const="maxsize=16" dbtype="VARCHAR2(16)" desc="" name="WRT_ID" type="String"/><field const="maxsize=24" dbtype="VARCHAR2(24)" desc="" name="INS_DT" type="String"/><field const="maxsize=24" dbtype="VARCHAR2(24)" desc="" name="UPD_DT" type="String"/><field const="maxsize=12" dbtype="VARCHAR2(12)" desc="" name="ASSI_TMP_WRT_NUM" type="String"/><field const="maxsize=6" dbtype="VARCHAR2(6)" desc="" name="ASSI_COI_WRT_NUM" type="String"/><field const="maxsize=4" dbtype="VARCHAR2(4)" desc="" name="ASSI_COMMANA_CLASS" type="String"/><field const="maxsize=18" dbtype="VARCHAR2(18)" desc="" name="ASSI_MANA_NUM" type="String"/><field const="maxsize=1" dbtype="VARCHAR2(1)" desc="" name="ASSI_STE" type="String"/><field const="maxsize=50" dbtype="VARCHAR2(50)" desc="" name="ASSI_NAME" type="String"/><field const="maxsize=17" dbtype="VARCHAR2(17)" desc="" name="ASSI_TELNUM" type="String"/><field const="maxsize=20" dbtype="VARCHAR2(20)" desc="" name="ASSI_REP" type="String"/><field const="maxsize=13" dbtype="VARCHAR2(13)" desc="" name="ASSI_COMNUM" type="String"/><field const="maxsize=120" dbtype="VARCHAR2(120)" desc="" name="ASSI_ADDR" type="String"/><field const="maxsize=120" dbtype="VARCHAR2(120)" desc="" name="ASSI_POST_NUM" type="String"/><field const="maxsize=120" dbtype="VARCHAR2(120)" desc="" name="ASSI_DETAIL_ADDR" type="String"/><field const="maxsize=1" dbtype="VARCHAR2(1)" desc="" name="ASSI_GUBUN" type="String"/><field const="maxsize=24" dbtype="VARCHAR2(24)" desc="" name="ASSI_WRT_DT" type="String"/><field const="maxsize=4" dbtype="VARCHAR2(4)" desc="" name="ASSI_CHGBRE_SEQ" type="String"/><field const="maxsize=12" dbtype="VARCHAR2(12)" desc="" name="TRAN_TMP_WRT_NUM" type="String"/><field const="maxsize=6" dbtype="VARCHAR2(6)" desc="" name="TRAN_COI_WRT_NUM" type="String"/><field const="maxsize=4" dbtype="VARCHAR2(4)" desc="" name="TRAN_COMMANA_CLASS" type="String"/><field const="maxsize=18" dbtype="VARCHAR2(18)" desc="" name="TRAN_MANA_NUM" type="String"/><field const="maxsize=50" dbtype="VARCHAR2(50)" desc="" name="TRAN_NAME" type="String"/><field const="maxsize=17" dbtype="VARCHAR2(17)" desc="" name="TRAN_TELNUM" type="String"/><field const="maxsize=20" dbtype="VARCHAR2(20)" desc="" name="TRAN_REP" type="String"/><field const="maxsize=13" dbtype="VARCHAR2(13)" desc="" name="TRAN_COMNUM" type="String"/><field const="maxsize=120" dbtype="VARCHAR2(120)" desc="" name="TRAN_ADDR" type="String"/><field const="maxsize=6" dbtype="VARCHAR2(6)" desc="" name="TRAN_POST_NUM" type="String"/><field const="maxsize=120" dbtype="VARCHAR2(120)" desc="" name="TRAN_DETAIL_ADDR" type="String"/><field const="maxsize=1" dbtype="VARCHAR2(1)" desc="" name="TRAN_GUBUN" type="String"/><field const="maxsize=24" dbtype="VARCHAR2(24)" desc="" name="TRAN_WRT_DT" type="String"/><field const="maxsize=4" dbtype="VARCHAR2(4)" desc="" name="TRAN_CHGBRE_SEQ" type="String"/><field const="maxsize=4" dbtype="VARCHAR2(4)" desc="" name="COMPANY_DIAG_BAS_DT2" type="String"/><field const="maxsize=8" dbtype="VARCHAR2(8)" desc="" name="BUSS_YMD" type="String"/><field const="maxsize=1" dbtype="VARCHAR2(1)" desc="" name="FOREIGN_YN" type="String"/><field const="maxsize=8" dbtype="VARCHAR2(8)" desc="" name="REGIST_YMD" type="String"/><field const="maxsize=8" dbtype="VARCHAR2(8)" desc="" name="ASSI_BUSS_YMD" type="String"/><field const="maxsize=1" dbtype="VARCHAR2(1)" desc="" name="ASSI_FOREIGN_YN" type="String"/><field const="maxsize=8" dbtype="VARCHAR2(8)" desc="" name="ASSI_REGIST_YMD" type="String"/><field const="maxsize=8" dbtype="VARCHAR2(8)" desc="" name="TRAN_BUSS_YMD" type="String"/><field const="maxsize=1" dbtype="VARCHAR2(1)" desc="" name="TRAN_FOREIGN_YN" type="String"/><field const="maxsize=8" dbtype="VARCHAR2(8)" desc="" name="TRAN_REGIST_YMD" type="String"/></contents></table>