<?xml version="1.0" encoding="UTF-8"?>
<table name="PT_R_DOC_NUM" pkgname="sp.dao" schema=""><desc/><primarykey><key>DOC_CLASS</key><key>SD_CODE</key></primarykey><contents><field const="notnull;maxsize=20" dbtype="VARCHAR2(20)" desc="" name="DOC_CLASS" type="String"/><field const="notnull;maxsize=3" dbtype="VARCHAR2(3)" desc="" name="SD_CODE" type="String"/><field const="maxsize=4" dbtype="VARCHAR2(4)" desc="" name="SGG_CODE" type="String"/><field const="maxsize=4" dbtype="VARCHAR2(4)" desc="" name="DOC_NUM1" type="String"/><field const="maxsize=4" dbtype="VARCHAR2(4)" desc="" name="DOC_NUM2" type="String"/><field const="maxsize=4" dbtype="VARCHAR2(4)" desc="" name="DOC_NUM3" type="String"/><field const="maxsize=4" dbtype="VARCHAR2(4)" desc="" name="DOC_NUM4" type="String"/></contents></table>