<?xml version="1.0" encoding="UTF-8"?>
<table name="PT_R_COM_NAME_CHANGE" pkgname="sp.dao" schema=""><desc/><primarykey><key>CHGBRE_SEQ</key><key>TMP_WRT_NUM</key></primarykey><contents><field const="notnull;maxsize=10" dbtype="VARCHAR2(10)" desc="" name="CHGBRE_SEQ" type="String"/><field const="notnull;maxsize=20" dbtype="VARCHAR2(20)" desc="" name="TMP_WRT_NUM" type="String"/><field const="maxsize=50" dbtype="VARCHAR2(50)" desc="" name="NAME_KOR" type="String"/><field const="maxsize=50" dbtype="VARCHAR2(50)" desc="" name="NAME_HAN" type="String"/><field const="maxsize=16" dbtype="VARCHAR2(16)" desc="" name="WRT_ID" type="String"/><field const="maxsize=24" dbtype="VARCHAR2(24)" desc="" name="UPD_DT" type="String"/><field const="maxsize=24" dbtype="VARCHAR2(24)" desc="" name="INS_DT" type="String"/><field const="maxsize=50" dbtype="VARCHAR2(50)" desc="" name="ETC1" type="String"/><field const="maxsize=50" dbtype="VARCHAR2(50)" desc="" name="ETC2" type="String"/></contents></table>