<?xml version="1.0" encoding="UTF-8"?>
<table name="PT_R_ADDRESS_CHANGE" pkgname="sp.dao" schema=""><desc/><primarykey><key>CHGBRE_SEQ</key><key>TMP_WRT_NUM</key></primarykey><contents><field const="notnull;maxsize=10" dbtype="VARCHAR2(10)" desc="" name="CHGBRE_SEQ" type="String"/><field const="notnull;maxsize=12" dbtype="VARCHAR2(12)" desc="" name="TMP_WRT_NUM" type="String"/><field const="maxsize=3" dbtype="VARCHAR2(3)" desc="" name="SIDO_CODE" type="String"/><field const="maxsize=6" dbtype="VARCHAR2(6)" desc="" name="POST_NUM" type="String"/><field const="maxsize=100" dbtype="VARCHAR2(100)" desc="" name="ADDR" type="String"/><field const="maxsize=100" dbtype="VARCHAR2(100)" desc="" name="DETAIL_ADDR" type="String"/><field const="maxsize=10" dbtype="VARCHAR2(10)" desc="" name="OFFICE_AREA" type="String"/><field const="maxsize=20" dbtype="VARCHAR2(20)" desc="" name="TEL_NUM" type="String"/><field const="maxsize=20" dbtype="VARCHAR2(20)" desc="" name="FAX_NUM" type="String"/><field const="maxsize=16" dbtype="VARCHAR2(16)" desc="" name="WRT_ID" type="String"/><field const="maxsize=24" dbtype="VARCHAR2(24)" desc="" name="UPD_DT" type="String"/><field const="maxsize=24" dbtype="VARCHAR2(24)" desc="" name="INS_DT" type="String"/><field const="maxsize=30" dbtype="VARCHAR2(30)" desc="" name="ETC1" type="String"/></contents></table>