<?xml version="1.0" encoding="UTF-8"?>
<table name="PT_R_MOT_STE" pkgname="sp.dao" schema=""><desc/><primarykey><key>CHGBRE_SEQ</key><key>TMP_WRT_NUM</key></primarykey><contents><field const="notnull;maxsize=4" dbtype="NUMBER(4)" desc="" name="CHGBRE_SEQ" type="String"/><field const="notnull;maxsize=12" dbtype="VARCHAR2(12)" desc="" name="TMP_WRT_NUM" type="String"/><field const="maxsize=1" dbtype="VARCHAR2(1)" desc="" name="DETAILWORK1" type="String"/><field const="maxsize=1" dbtype="VARCHAR2(1)" desc="" name="DETAILWORK2" type="String"/><field const="maxsize=1" dbtype="VARCHAR2(1)" desc="" name="DETAILWORK3" type="String"/><field const="maxsize=1" dbtype="VARCHAR2(1)" desc="" name="DETAILWORK4" type="String"/><field const="maxsize=1" dbtype="VARCHAR2(1)" desc="" name="DETAILWORK5" type="String"/><field const="maxsize=1" dbtype="VARCHAR2(1)" desc="" name="DETAILWORK6" type="String"/><field const="maxsize=1" dbtype="VARCHAR2(1)" desc="" name="DETAILWORK7" type="String"/><field const="maxsize=1" dbtype="VARCHAR2(1)" desc="" name="DETAILWORK8" type="String"/><field const="maxsize=1" dbtype="VARCHAR2(1)" desc="" name="DETAILWORK9" type="String"/><field const="maxsize=1" dbtype="VARCHAR2(1)" desc="" name="DETAILWORK10" type="String"/><field const="maxsize=1" dbtype="VARCHAR2(1)" desc="" name="DETAILWORK11" type="String"/><field const="maxsize=1" dbtype="VARCHAR2(1)" desc="" name="DETAILWORK12" type="String"/><field const="maxsize=1" dbtype="VARCHAR2(1)" desc="" name="DETAILWORK13" type="String"/><field const="maxsize=1" dbtype="VARCHAR2(1)" desc="" name="DETAILWORK14" type="String"/><field const="maxsize=1" dbtype="VARCHAR2(1)" desc="" name="DETAILWORK15" type="String"/><field const="maxsize=1" dbtype="VARCHAR2(1)" desc="" name="DETAILWORK16" type="String"/><field const="maxsize=20" dbtype="VARCHAR2(20)" desc="" name="RECV_NUM" type="String"/><field const="maxsize=2" dbtype="VARCHAR2(2)" desc="" name="MOT_PROC" type="String"/><field const="maxsize=4" dbtype="VARCHAR2(4)" desc="" name="SIDO_CODE" type="String"/></contents></table>