<?xml version="1.0" encoding="UTF-8"?>
<table name="PT_R_RE_DERIVERY_STATEMENT" pkgname="sp.dao" schema=""><desc/><primarykey><key>RECV_NUM</key><key>SIDO_CODE</key></primarykey><contents><field const="notnull;maxsize=12" dbtype="VARCHAR2(12)" desc="" name="RECV_NUM" type="String"/><field const="notnull;maxsize=4" dbtype="VARCHAR2(4)" desc="" name="SIDO_CODE" type="String"/><field const="maxsize=12" dbtype="VARCHAR2(12)" desc="" name="COI_WRT_NUM" type="String"/><field const="maxsize=8" dbtype="VARCHAR2(8)" desc="" name="RECV_DT" type="String"/><field const="maxsize=50" dbtype="VARCHAR2(50)" desc="" name="OFFI_PART" type="String"/><field const="maxsize=12" dbtype="VARCHAR2(12)" desc="" name="OFFI_PART_REBO_WRT_NUM" type="String"/><field const="maxsize=50" dbtype="VARCHAR2(50)" desc="" name="NAME" type="String"/><field const="maxsize=12" dbtype="VARCHAR2(12)" desc="" name="WRT_NUM" type="String"/><field const="maxsize=20" dbtype="VARCHAR2(20)" desc="" name="REP" type="String"/><field const="maxsize=17" dbtype="VARCHAR2(17)" desc="" name="TEL_NUM" type="String"/><field const="maxsize=17" dbtype="VARCHAR2(17)" desc="" name="FAX_NUM" type="String"/><field const="maxsize=200" dbtype="VARCHAR2(200)" desc="" name="OFF_ADDR" type="String"/><field const="maxsize=16" dbtype="VARCHAR2(16)" desc="" name="WRT_ID" type="String"/><field const="maxsize=24" dbtype="VARCHAR2(24)" desc="" name="UPD_DT" type="String"/><field const="maxsize=24" dbtype="VARCHAR2(24)" desc="" name="INS_DT" type="String"/><field const="maxsize=6" dbtype="VARCHAR2(6)" desc="" name="MOT_STE" type="String"/><field const="maxsize=1" dbtype="VARCHAR2(1)" desc="" name="DEFI_STE" type="String"/><field const="maxsize=1" dbtype="VARCHAR2(1)" desc="" name="COI" type="String"/><field const="maxsize=1" dbtype="VARCHAR2(1)" desc="" name="WRTBOOK" type="String"/><field const="maxsize=256" dbtype="VARCHAR2(256)" desc="" name="APPL_CAUSE" type="String"/><field const="maxsize=32" dbtype="VARCHAR2(32)" desc="" name="TMP_WRT_NUM" type="String"/></contents></table>