<?xml version="1.0" encoding="UTF-8"?>
<table name="PT_R_REG_MEMO" pkgname="sp.dao" schema=""><desc/><primarykey><key>CHGBRE_SEQ</key><key>MEMO_SEQ</key><key>TMP_WRT_NUM</key></primarykey><contents><field const="notnull;maxsize=4" dbtype="NUMBER(4)" desc="" name="MEMO_SEQ" type="String"/><field const="maxsize=512" dbtype="VARCHAR2(512)" desc="" name="MEMO_CONT" type="String"/><field const="maxsize=8" dbtype="VARCHAR2(8)" desc="" name="WRT_DT" type="String"/><field const="maxsize=24" dbtype="VARCHAR2(24)" desc="" name="UPD_DT" type="String"/><field const="maxsize=24" dbtype="VARCHAR2(24)" desc="" name="INS_DT" type="String"/><field const="notnull;maxsize=4" dbtype="NUMBER(4)" desc="" name="CHGBRE_SEQ" type="String"/><field const="notnull;maxsize=12" dbtype="VARCHAR2(12)" desc="" name="TMP_WRT_NUM" type="String"/></contents></table>