<?xml version="1.0" encoding="UTF-8"?>
<table name="PT_R_WORK_RESULTS_TEMP" pkgname="sp.dao" schema=""><desc/><primarykey><key>RECV_NUM</key><key>SEQ</key><key>TMP_WRT_NUM</key></primarykey><contents><field const="notnull;maxsize=4" dbtype="VARCHAR2(4)" desc="" name="SEQ" type="String"/><field const="notnull;maxsize=12" dbtype="VARCHAR2(12)" desc="" name="RECV_NUM" type="String"/><field const="notnull;maxsize=12" dbtype="VARCHAR2(12)" desc="" name="TMP_WRT_NUM" type="String"/><field const="notnull;maxsize=4" dbtype="VARCHAR2(4)" desc="" name="SIDO_CODE" type="String"/><field const="maxsize=2" dbtype="VARCHAR2(2)" desc="" name="WORK_PROC" type="String"/><field const="maxsize=4" dbtype="VARCHAR2(4)" desc="" name="YEAR" type="String"/><field const="maxsize=15" dbtype="VARCHAR2(15)" desc="" name="WORK_ROM" type="String"/><field const="maxsize=16" dbtype="VARCHAR2(16)" desc="" name="WRT_ID" type="String"/><field const="maxsize=24" dbtype="VARCHAR2(24)" desc="" name="UPD_DT" type="String"/><field const="maxsize=24" dbtype="VARCHAR2(24)" desc="" name="INS_DT" type="String"/></contents></table>