<?xml version="1.0" encoding="UTF-8"?>
<table name="PT_R_COMPANY_DIAGNOSTIC" pkgname="sp.dao" schema=""><desc/><primarykey><key>CHGBRE_SEQ</key><key>TMP_WRT_NUM</key></primarykey><contents><field const="notnull;maxsize=4" dbtype="VARCHAR2(4)" desc="" name="CHGBRE_SEQ" type="String"/><field const="notnull;maxsize=12" dbtype="VARCHAR2(12)" desc="" name="TMP_WRT_NUM" type="String"/><field const="maxsize=6" dbtype="VARCHAR2(6)" desc="" name="DIAG_ORG_CODE" type="String"/><field const="maxsize=15" dbtype="VARCHAR2(15)" desc="" name="PAY_CAP" type="String"/><field const="maxsize=15" dbtype="VARCHAR2(15)" desc="" name="REA_CAP" type="String"/><field const="maxsize=15" dbtype="VARCHAR2(15)" desc="" name="TUP_AOM" type="String"/><field const="maxsize=6" dbtype="VARCHAR2(6)" desc="" name="TUP_CLASS_CODE" type="String"/><field const="maxsize=6" dbtype="VARCHAR2(6)" desc="" name="COMPANY_DIAG_CLASS_CODE" type="String"/><field const="maxsize=8" dbtype="VARCHAR2(8)" desc="" name="COMPANY_DIAG_BASDT" type="String"/><field const="maxsize=8" dbtype="VARCHAR2(8)" desc="" name="COMPANY_DIAG_ISSUEDT" type="String"/><field const="maxsize=20" dbtype="VARCHAR2(20)" desc="" name="DIAG_NM_NM" type="String"/><field const="maxsize=12" dbtype="VARCHAR2(12)" desc="" name="DIAG_NM_WRT_NUM" type="String"/><field const="maxsize=16" dbtype="VARCHAR2(16)" desc="" name="WRT_ID" type="String"/><field const="maxsize=24" dbtype="VARCHAR2(24)" desc="" name="UPD_DT" type="String"/><field const="maxsize=24" dbtype="VARCHAR2(24)" desc="" name="INS_DT" type="String"/></contents></table>