<?xml version="1.0" encoding="UTF-8"?>
<table name="PT_R_RE_DELIVERY_STATEMENT" pkgname="sp.dao" schema=""><desc/><primarykey><key>REC_NUM</key></primarykey><contents><field const="notnull;maxsize=32" dbtype="VARCHAR2(32)" desc="" name="REC_NUM" type="String"/><field const="maxsize=2" dbtype="VARCHAR2(2)" desc="" name="SD_CODE" type="String"/><field const="maxsize=20" dbtype="VARCHAR2(20)" desc="" name="RC_REGIST_NUM" type="String"/><field const="maxsize=36" dbtype="VARCHAR2(36)" desc="" name="COM_NAME" type="String"/><field const="maxsize=24" dbtype="VARCHAR2(24)" desc="" name="REC_DATE" type="String"/><field const="maxsize=16" dbtype="VARCHAR2(16)" desc="" name="WRT_ID" type="String"/><field const="maxsize=24" dbtype="VARCHAR2(24)" desc="" name="STATE_PERIOD" type="String"/><field const="maxsize=20" dbtype="VARCHAR2(20)" desc="" name="REGIST_NUM" type="String"/><field const="maxsize=16" dbtype="VARCHAR2(16)" desc="" name="STATE_ORGAN" type="String"/><field const="maxsize=20" dbtype="VARCHAR2(20)" desc="" name="OFFICE_TEL" type="String"/><field const="maxsize=16" dbtype="VARCHAR2(16)" desc="" name="STATE_RECORD_NUM" type="String"/><field const="maxsize=20" dbtype="VARCHAR2(20)" desc="" name="OFFICE_FAX" type="String"/><field const="maxsize=24" dbtype="VARCHAR2(24)" desc="" name="UDP_DT" type="String"/><field const="maxsize=20" dbtype="VARCHAR2(20)" desc="" name="REP_NAME" type="String"/><field const="maxsize=24" dbtype="VARCHAR2(24)" desc="" name="INS_DT" type="String"/><field const="maxsize=20" dbtype="VARCHAR2(20)" desc="" name="OFFICE_ADDR" type="String"/></contents></table>