<?xml version="1.0" encoding="UTF-8"?>
<table name="PT_R_OTOB_COM_CODE" pkgname="sp.dao" schema=""><desc/><primarykey><key>OTOB_COM_CODE</key></primarykey><contents><field const="notnull;maxsize=6" dbtype="VARCHAR2(6)" desc="" name="OTOB_COM_CODE" type="String"/><field const="maxsize=50" dbtype="VARCHAR2(50)" desc="" name="OTOB_COM_TOB_CONT" type="String"/><field const="maxsize=16" dbtype="VARCHAR2(16)" desc="" name="WRT_ID" type="String"/><field const="maxsize=24" dbtype="VARCHAR2(24)" desc="" name="UPD_DT" type="String"/><field const="maxsize=24" dbtype="VARCHAR2(24)" desc="" name="INS_DT" type="String"/></contents></table>