<?xml version="1.0" encoding="UTF-8"?>
<table name="PT_R_REFER" pkgname="sp.dao" schema=""><desc/><primarykey><key>SEQ</key><key>TMP_REG_NUM</key></primarykey><contents><field const="maxsize=4" dbtype="VARCHAR2(4)" desc="" name="SD_CODE" type="String"/><field const="notnull;maxsize=11" dbtype="NUMBER(11)" desc="" name="SEQ" type="String"/><field const="maxsize=4" dbtype="VARCHAR2(4)" desc="" name="SGG_CODE" type="String"/><field const="maxsize=20" dbtype="VARCHAR2(20)" desc="" name="GUBUN" type="String"/><field const="maxsize=16" dbtype="VARCHAR2(16)" desc="" name="WRT_ID" type="String"/><field const="maxsize=24" dbtype="VARCHAR2(24)" desc="" name="UDP_DT" type="String"/><field const="maxsize=20" dbtype="VARCHAR2(20)" desc="" name="NAME_HANJA" type="String"/><field const="maxsize=24" dbtype="VARCHAR2(24)" desc="" name="INS_DT" type="String"/><field const="maxsize=6" dbtype="NUMBER(6)" desc="" name="SSN1" type="String"/><field const="maxsize=128" dbtype="VARCHAR2(128)" desc="" name="NOTE" type="String"/><field const="maxsize=128" dbtype="VARCHAR2(128)" desc="" name="ADDR" type="String"/><field const="maxsize=20" dbtype="VARCHAR2(20)" desc="" name="FAMILY_HEAD" type="String"/><field const="maxsize=7" dbtype="NUMBER(7)" desc="" name="SSN2" type="String"/><field const="maxsize=20" dbtype="VARCHAR2(20)" desc="" name="FAMILY_HEAD_RELATION" type="String"/><field const="maxsize=18" dbtype="VARCHAR2(18)" desc="" name="NAME_KOR" type="String"/><field const="maxsize=128" dbtype="VARCHAR2(128)" desc="" name="ORIGIN" type="String"/><field const="notnull;maxsize=18" dbtype="CHAR(18)" desc="" name="TMP_REG_NUM" type="String"/><field const="maxsize=8" dbtype="VARCHAR2(8)" desc="" name="ENTER_DATE" type="String"/><field const="maxsize=8" dbtype="VARCHAR2(8)" desc="" name="RETIRE_DATE" type="String"/><field const="maxsize=1" dbtype="VARCHAR2(1)" desc="" name="REFER_YN" type="String"/></contents></table>