<?xml version="1.0" encoding="UTF-8"?>
<table name="PT_R_REGMGR_OFFICE_DEFICIT" pkgname="sp.dao" schema=""><desc/><primarykey><key>SEQ</key><key>TMP_REG_NUM</key></primarykey><contents><field const="notnull;maxsize=18" dbtype="CHAR(18)" desc="" name="TMP_REG_NUM" type="String"/><field const="notnull;maxsize=11" dbtype="NUMBER(11)" desc="" name="SEQ" type="String"/><field const="maxsize=6" dbtype="VARCHAR2(6)" desc="" name="DEFICIT_CODE" type="String"/><field const="maxsize=1" dbtype="VARCHAR2(1)" desc="" name="DEFICIT_RESULT" type="String"/><field const="maxsize=16" dbtype="VARCHAR2(16)" desc="" name="WRT_ID" type="String"/><field const="maxsize=24" dbtype="VARCHAR2(24)" desc="" name="UPD_DT" type="String"/><field const="maxsize=24" dbtype="VARCHAR2(24)" desc="" name="INS_DT" type="String"/></contents></table>