<?xml version="1.0" encoding="UTF-8"?>
<table name="PT_R_REPRESENT_CHANGE" pkgname="sp.dao" schema=""><desc/><primarykey><key>CHGBRE_SEQ</key><key>TMP_WRT_NUM</key></primarykey><contents><field const="notnull;maxsize=4" dbtype="VARCHAR2(4)" desc="" name="CHGBRE_SEQ" type="String"/><field const="notnull;maxsize=12" dbtype="VARCHAR2(12)" desc="" name="TMP_WRT_NUM" type="String"/><field const="maxsize=18" dbtype="VARCHAR2(18)" desc="" name="REP_SSN1" type="String"/><field const="maxsize=21" dbtype="VARCHAR2(21)" desc="" name="REP_SSN2" type="String"/><field const="maxsize=20" dbtype="VARCHAR2(20)" desc="" name="REP_NM_KOR" type="String"/><field const="maxsize=20" dbtype="VARCHAR2(20)" desc="" name="REP_NM_HAN" type="String"/><field const="maxsize=1" dbtype="VARCHAR2(1)" desc="" name="CHAR_REF_YN" type="String"/><field const="maxsize=16" dbtype="VARCHAR2(16)" desc="" name="WRT_ID" type="String"/><field const="maxsize=24" dbtype="VARCHAR2(24)" desc="" name="UPD_DT" type="String"/><field const="maxsize=24" dbtype="VARCHAR2(24)" desc="" name="INS_DT" type="String"/></contents></table>