<?xml version="1.0" encoding="UTF-8"?>
<table name="PT_R_COM_DEFICIT" pkgname="sp.dao" schema=""><desc/><primarykey><key>CHGBRE_SEQ</key><key>SEQ</key><key>TMP_WRT_NUM</key></primarykey><contents><field const="notnull;maxsize=4" dbtype="NUMBER(4)" desc="" name="SEQ" type="String"/><field const="maxsize=6" dbtype="VARCHAR2(6)" desc="" name="DEFI_CODE" type="String"/><field const="maxsize=1" dbtype="VARCHAR2(1)" desc="" name="DEFI_OUT" type="String"/><field const="maxsize=16" dbtype="VARCHAR2(16)" desc="" name="WRT_ID" type="String"/><field const="maxsize=24" dbtype="VARCHAR2(24)" desc="" name="UPD_DT" type="String"/><field const="maxsize=24" dbtype="VARCHAR2(24)" desc="" name="INS_DT" type="String"/><field const="notnull;maxsize=4" dbtype="NUMBER(4)" desc="" name="CHGBRE_SEQ" type="String"/><field const="notnull;maxsize=12" dbtype="VARCHAR2(12)" desc="" name="TMP_WRT_NUM" type="String"/><field const="maxsize=6" dbtype="VARCHAR2(6)" desc="" name="DEFI_GROUP" type="String"/></contents></table>