<?xml version="1.0" encoding="UTF-8"?>
<table name="PT_R_MEMO" pkgname="sp.dao" schema=""><desc/><primarykey><key>MEMO_SEQ</key><key>RECV_NUM</key><key>SIDO_CODE</key></primarykey><contents><field const="notnull;maxsize=4" dbtype="NUMBER(4)" desc="" name="MEMO_SEQ" type="String"/><field const="maxsize=256" dbtype="VARCHAR2(256)" desc="" name="MEMO_CONT" type="String"/><field const="maxsize=16" dbtype="VARCHAR2(16)" desc="" name="WRT_ID" type="String"/><field const="maxsize=24" dbtype="VARCHAR2(24)" desc="" name="UPD_DT" type="String"/><field const="notnull;maxsize=12" dbtype="VARCHAR2(12)" desc="" name="RECV_NUM" type="String"/><field const="notnull;maxsize=4" dbtype="VARCHAR2(4)" desc="" name="SIDO_CODE" type="String"/><field const="maxsize=24" dbtype="VARCHAR2(24)" desc="" name="INS_DT" type="String"/><field const="maxsize=8" dbtype="VARCHAR2(8)" desc="" name="WRT_DT" type="String"/></contents></table>