<?xml version="1.0" encoding="UTF-8"?>
<table name="PT_R_CLOSE_STATEMENT" pkgname="sp.dao" schema=""><desc/><primarykey><key>RECV_NUM</key><key>SIDO_CODE</key></primarykey><contents><field const="notnull;maxsize=12" dbtype="VARCHAR2(12)" desc="" name="RECV_NUM" type="String"/><field const="notnull;maxsize=4" dbtype="VARCHAR2(4)" desc="" name="SIDO_CODE" type="String"/><field const="maxsize=12" dbtype="VARCHAR2(12)" desc="" name="COI_WRT_NUM" type="String"/><field const="maxsize=8" dbtype="VARCHAR2(8)" desc="" name="RECV_DT" type="String"/><field const="maxsize=50" dbtype="VARCHAR2(50)" desc="" name="OFFI_PART" type="String"/><field const="maxsize=12" dbtype="VARCHAR2(12)" desc="" name="OFFI_PART_REBO_WRT_NUM" type="String"/><field const="maxsize=50" dbtype="VARCHAR2(50)" desc="" name="NAME" type="String"/><field const="maxsize=12" dbtype="VARCHAR2(12)" desc="" name="WRT_NUM" type="String"/><field const="maxsize=20" dbtype="VARCHAR2(20)" desc="" name="REP_NM_KOR" type="String"/><field const="maxsize=20" dbtype="VARCHAR2(20)" desc="" name="REP_NM_HAN" type="String"/><field const="maxsize=200" dbtype="VARCHAR2(200)" desc="" name="OFF_ADDR" type="String"/><field const="maxsize=17" dbtype="VARCHAR2(17)" desc="" name="TEL_NUM" type="String"/><field const="maxsize=8" dbtype="VARCHAR2(8)" desc="" name="C_COM_DT" type="String"/><field const="maxsize=16" dbtype="VARCHAR2(16)" desc="" name="WRT_ID" type="String"/><field const="maxsize=24" dbtype="VARCHAR2(24)" desc="" name="UPD_DT" type="String"/><field const="maxsize=24" dbtype="VARCHAR2(24)" desc="" name="INS_DT" type="String"/><field const="maxsize=256" dbtype="VARCHAR2(256)" desc="" name="C_COM_CAUSE" type="String"/><field const="maxsize=1" dbtype="VARCHAR2(1)" desc="" name="DEFI_STE" type="String"/><field const="maxsize=120" dbtype="VARCHAR2(120)" desc="" name="ADDR_ADDR" type="String"/><field const="maxsize=6" dbtype="VARCHAR2(6)" desc="" name="ADDR_POST_NUM" type="String"/><field const="maxsize=129" dbtype="VARCHAR2(129)" desc="" name="ADDR_DETAIL_ADDR" type="String"/><field const="maxsize=8" dbtype="VARCHAR2(8)" desc="" name="PROC_LIM" type="String"/><field const="maxsize=256" dbtype="VARCHAR2(256)" desc="" name="MEMO_CONT" type="String"/><field const="maxsize=20" dbtype="VARCHAR2(20)" desc="" name="MOT_STE" type="String"/><field const="maxsize=12" dbtype="VARCHAR2(12)" desc="" name="TMP_WRT_NUM" type="String"/></contents></table>