<?xml version="1.0" encoding="UTF-8"?>
<table name="PT_R_ENGINEER_MASTER" pkgname="sp.dao" schema=""><desc/><primarykey><key>CARE_BOOK_ISSUE_NUM</key></primarykey><contents><field const="notnull;maxsize=12" dbtype="VARCHAR2(12)" desc="" name="CARE_BOOK_ISSUE_NUM" type="String"/><field const="maxsize=18" dbtype="VARCHAR2(18)" desc="" name="ENGINEER_SSN1" type="String"/><field const="maxsize=21" dbtype="VARCHAR2(21)" desc="" name="ENGINEER_SSN2" type="String"/><field const="maxsize=12" dbtype="VARCHAR2(12)" desc="" name="WRT_NUM" type="String"/><field const="maxsize=10" dbtype="VARCHAR2(10)" desc="" name="ENGINEER_GRADE" type="String"/><field const="maxsize=10" dbtype="VARCHAR2(10)" desc="" name="ENGINEER_CLASS" type="String"/><field const="maxsize=15" dbtype="VARCHAR2(15)" desc="" name="QUAL_ITEM" type="String"/><field const="maxsize=20" dbtype="VARCHAR2(20)" desc="" name="NM_KOR" type="String"/><field const="maxsize=20" dbtype="VARCHAR2(20)" desc="" name="NM_HAN" type="String"/><field const="maxsize=24" dbtype="VARCHAR2(24)" desc="" name="CARE_BOOK_VAL_START_DT" type="String"/><field const="maxsize=24" dbtype="VARCHAR2(24)" desc="" name="CARE_BOOK_VAL_END_DT" type="String"/><field const="maxsize=24" dbtype="VARCHAR2(24)" desc="" name="EDU_COMP_DT" type="String"/><field const="maxsize=7" dbtype="VARCHAR2(7)" desc="" name="POST_NUM" type="String"/><field const="maxsize=20" dbtype="VARCHAR2(20)" desc="" name="ADDR" type="String"/><field const="maxsize=20" dbtype="VARCHAR2(20)" desc="" name="DETAIL_ADDR" type="String"/><field const="maxsize=10" dbtype="VARCHAR2(10)" desc="" name="GROUP_CODE" type="String"/><field const="maxsize=16" dbtype="VARCHAR2(16)" desc="" name="WRT_ID" type="String"/><field const="maxsize=24" dbtype="VARCHAR2(24)" desc="" name="UPD_DT" type="String"/><field const="maxsize=24" dbtype="VARCHAR2(24)" desc="" name="WRT_DT" type="String"/></contents></table>