<?xml version="1.0" encoding="UTF-8"?>
<table name="PT_R_ENGINEER_CHANGE_TEMP" pkgname="sp.dao" schema=""><desc/><primarykey><key>RECV_NUM</key><key>SEQ</key><key>TMP_WRT_NUM</key></primarykey><contents><field const="notnull;maxsize=4" dbtype="NUMBER(4)" desc="" name="SEQ" type="String"/><field const="notnull;maxsize=12" dbtype="VARCHAR2(12)" desc="" name="TMP_WRT_NUM" type="String"/><field const="notnull;maxsize=12" dbtype="VARCHAR2(12)" desc="" name="RECV_NUM" type="String"/><field const="maxsize=20" dbtype="VARCHAR2(20)" desc="" name="ENGINEER_NM" type="String"/><field const="maxsize=18" dbtype="VARCHAR2(18)" desc="" name="ENGINEER_SSN1" type="String"/><field const="maxsize=21" dbtype="VARCHAR2(21)" desc="" name="ENGINEER_SSN2" type="String"/><field const="maxsize=8" dbtype="VARCHAR2(8)" desc="" name="EMPL_YMD" type="String"/><field const="maxsize=8" dbtype="VARCHAR2(8)" desc="" name="RET_YMD" type="String"/><field const="maxsize=256" dbtype="VARCHAR2(256)" desc="" name="REMARK" type="String"/><field const="maxsize=16" dbtype="VARCHAR2(16)" desc="" name="WRT_ID" type="String"/><field const="maxsize=24" dbtype="VARCHAR2(24)" desc="" name="UPD_DT" type="String"/><field const="maxsize=24" dbtype="VARCHAR2(24)" desc="" name="INS_DT" type="String"/><field const="maxsize=20" dbtype="VARCHAR2(20)" desc="" name="TMP_FIELD" type="String"/><field const="maxsize=24" dbtype="VARCHAR2(24)" desc="" name="CARE_BOOK_VAL_START_DT" type="String"/><field const="maxsize=24" dbtype="VARCHAR2(24)" desc="" name="CARE_BOOK_VAL_END_DT" type="String"/><field const="maxsize=24" dbtype="VARCHAR2(24)" desc="" name="ISSUE_DT" type="String"/><field const="maxsize=30" dbtype="VARCHAR2(30)" desc="" name="CARE_BOOK_ISSUE_NUM" type="String"/><field const="maxsize=30" dbtype="VARCHAR2(30)" desc="" name="CARE_BOOK_VAL_START_DT1" type="String"/><field const="maxsize=30" dbtype="VARCHAR2(30)" desc="" name="CARE_BOOK_VAL_START_DT2" type="String"/><field const="maxsize=2" dbtype="VARCHAR2(2)" desc="" name="ENG_PROC" type="String"/><field const="maxsize=2" dbtype="VARCHAR2(2)" desc="" name="ENG_TARGET" type="String"/></contents></table>