<?xml version="1.0" encoding="UTF-8"?>
<table name="PT_R_ENGINEER_M_CAREER" pkgname="sp.dao" schema=""><desc/><primarykey><key>CARE_BOOK_ISSUE_NUM</key><key>SEQ</key></primarykey><contents><field const="notnull;maxsize=12" dbtype="VARCHAR2(12)" desc="" name="SEQ" type="String"/><field const="notnull;maxsize=12" dbtype="VARCHAR2(12)" desc="" name="CARE_BOOK_ISSUE_NUM" type="String"/><field const="maxsize=10" dbtype="VARCHAR2(10)" desc="" name="POW" type="String"/><field const="maxsize=8" dbtype="VARCHAR2(8)" desc="" name="CARETERM_START_DT" type="String"/><field const="maxsize=8" dbtype="VARCHAR2(8)" desc="" name="CARETERM_END_DT" type="String"/><field const="maxsize=20" dbtype="VARCHAR2(20)" desc="" name="OFF_WORK" type="String"/><field const="maxsize=6" dbtype="VARCHAR2(6)" desc="" name="EXCH_CARE" type="String"/><field const="maxsize=6" dbtype="VARCHAR2(6)" desc="" name="CARE_TOT" type="String"/><field const="maxsize=16" dbtype="VARCHAR2(16)" desc="" name="WRT_ID" type="String"/><field const="maxsize=24" dbtype="VARCHAR2(24)" desc="" name="UPD_DT" type="String"/><field const="maxsize=24" dbtype="VARCHAR2(24)" desc="" name="INS_DT" type="String"/><field const="maxsize=30" dbtype="VARCHAR2(30)" desc="" name="ETC1" type="String"/></contents></table>