<?xml version="1.0" encoding="UTF-8"?>
<table name="PT_R_CREDIT" pkgname="sp.dao" schema=""><desc/><primarykey><key>SEQ</key><key>TMP_WRT_NUM</key></primarykey><contents><field const="notnull;maxsize=4" dbtype="NUMBER(4)" desc="" name="SEQ" type="String"/><field const="notnull;maxsize=12" dbtype="VARCHAR2(12)" desc="" name="TMP_WRT_NUM" type="String"/><field const="maxsize=12" dbtype="VARCHAR2(12)" desc="" name="LICTAX_PAYAOM" type="String"/><field const="maxsize=8" dbtype="VARCHAR2(8)" desc="" name="LICTAX_PAY_CO_DT" type="String"/><field const="maxsize=12" dbtype="VARCHAR2(12)" desc="" name="HOS_CRE_AOM" type="String"/><field const="maxsize=8" dbtype="VARCHAR2(8)" desc="" name="HOS_CRE_PAY_CO_DT" type="String"/><field const="maxsize=16" dbtype="VARCHAR2(16)" desc="" name="WRT_ID" type="String"/><field const="maxsize=24" dbtype="VARCHAR2(24)" desc="" name="UPD_DT" type="String"/><field const="maxsize=24" dbtype="VARCHAR2(24)" desc="" name="WRT_DT" type="String"/></contents></table>