<?xml version="1.0" encoding="UTF-8"?>
<table name="PT_R_REFFER" pkgname="sp.dao" schema=""><desc/><primarykey><key>SEQ</key><key>TMP_WRT_NUM</key></primarykey><contents><field const="notnull;maxsize=3" dbtype="VARCHAR2(3)" desc="" name="SEQ" type="String"/><field const="notnull;maxsize=12" dbtype="VARCHAR2(12)" desc="" name="TMP_WRT_NUM" type="String"/><field const="maxsize=4" dbtype="VARCHAR2(4)" desc="" name="SI_DO_CODE" type="String"/><field const="maxsize=4" dbtype="VARCHAR2(4)" desc="" name="SI_GUN_GU_CODE" type="String"/><field const="maxsize=6" dbtype="VARCHAR2(6)" desc="" name="POS_CLASS" type="String"/><field const="maxsize=8" dbtype="VARCHAR2(8)" desc="" name="ENT_DT" type="String"/><field const="maxsize=8" dbtype="VARCHAR2(8)" desc="" name="RET_DT" type="String"/><field const="maxsize=20" dbtype="VARCHAR2(20)" desc="" name="NM_KOR" type="String"/><field const="maxsize=20" dbtype="VARCHAR2(20)" desc="" name="NM_HAN" type="String"/><field const="maxsize=200" dbtype="VARCHAR2(200)" desc="" name="ORI" type="String"/><field const="maxsize=200" dbtype="VARCHAR2(200)" desc="" name="ADDR" type="String"/><field const="maxsize=18" dbtype="VARCHAR2(18)" desc="" name="SSN1" type="String"/><field const="maxsize=21" dbtype="VARCHAR2(21)" desc="" name="SSN2" type="String"/><field const="maxsize=10" dbtype="VARCHAR2(10)" desc="" name="HEFA" type="String"/><field const="maxsize=10" dbtype="VARCHAR2(10)" desc="" name="HEFA_RELA" type="String"/><field const="maxsize=256" dbtype="VARCHAR2(256)" desc="" name="REMARK" type="String"/><field const="maxsize=2" dbtype="VARCHAR2(2)" desc="" name="CHAR_REF_YN" type="String"/><field const="maxsize=16" dbtype="VARCHAR2(16)" desc="" name="WRT_ID" type="String"/><field const="maxsize=24" dbtype="VARCHAR2(24)" desc="" name="INS_DT" type="String"/><field const="maxsize=24" dbtype="VARCHAR2(24)" desc="" name="UPD_DT" type="String"/><field const="maxsize=1" dbtype="VARCHAR2(1)" desc="" name="SEND_YN" type="String"/><field const="maxsize=1" dbtype="VARCHAR2(1)" desc="" name="FOREIGN_YN" type="String"/></contents></table>