<?xml version="1.0" encoding="UTF-8"?>
<table name="PT_S_CAPITAL" pkgname="sp.dao" schema=""><desc/><primarykey><key>TMP_WRT_NUM</key><key>WRT_NUM</key></primarykey><contents><field const="notnull;maxsize=12" dbtype="VARCHAR2(12)" desc="" name="WRT_NUM" type="String"/><field const="notnull;maxsize=12" dbtype="VARCHAR2(12)" desc="" name="TMP_WRT_NUM" type="String"/><field const="maxsize=15" dbtype="VARCHAR2(15)" desc="" name="REA_CAP" type="String"/><field const="maxsize=15" dbtype="VARCHAR2(15)" desc="" name="PAY_CAP" type="String"/><field const="maxsize=1" dbtype="VARCHAR2(1)" desc="" name="CASH_INV_COPA_YN" type="String"/><field const="maxsize=24" dbtype="VARCHAR2(24)" desc="" name="INS_DT" type="String"/><field const="maxsize=24" dbtype="VARCHAR2(24)" desc="" name="UPD_DT" type="String"/><field const="maxsize=16" dbtype="VARCHAR2(16)" desc="" name="WRT_ID" type="String"/></contents></table>