<?xml version="1.0" encoding="UTF-8"?>
<table name="PT_S_DEFICIT" pkgname="sp.dao" schema=""><desc/><primarykey><key>SEQ</key><key>TMP_WRT_NUM</key><key>WRT_NUM</key></primarykey><contents><field const="notnull;maxsize=12" dbtype="VARCHAR2(12)" desc="" name="WRT_NUM" type="String"/><field const="notnull;maxsize=12" dbtype="VARCHAR2(12)" desc="" name="TMP_WRT_NUM" type="String"/><field const="notnull;maxsize=18" dbtype="CHAR(18)" desc="" name="SEQ" type="String"/><field const="maxsize=18" dbtype="CHAR(18)" desc="" name="DEFI_CODE" type="String"/><field const="maxsize=18" dbtype="CHAR(18)" desc="" name="DEFI_OUT" type="String"/><field const="maxsize=18" dbtype="CHAR(18)" desc="" name="INS_DT" type="String"/><field const="maxsize=18" dbtype="CHAR(18)" desc="" name="UPD_DT" type="String"/><field const="maxsize=18" dbtype="CHAR(18)" desc="" name="WRT_ID" type="String"/></contents></table>