<?xml version="1.0" encoding="UTF-8"?>
<table name="PT_S_CAPABILLITY_ASSESSMENT" pkgname="sp.dao" schema=""><desc/><primarykey><key>SEQ</key><key>TMP_WRT_NUM</key><key>WRT_NUM</key></primarykey><contents><field const="notnull;maxsize=12" dbtype="VARCHAR2(12)" desc="" name="WRT_NUM" type="String"/><field const="notnull;maxsize=12" dbtype="VARCHAR2(12)" desc="" name="TMP_WRT_NUM" type="String"/><field const="maxsize=12" dbtype="VARCHAR2(12)" desc="" name="CARE_BOOK_ISSUE_NUM" type="String"/><field const="maxsize=200" dbtype="VARCHAR2(200)" desc="" name="ADDR" type="String"/><field const="maxsize=12" dbtype="VARCHAR2(12)" desc="" name="QUAL_NUM" type="String"/><field const="maxsize=10" dbtype="VARCHAR2(10)" desc="" name="PAY" type="String"/><field const="maxsize=200" dbtype="VARCHAR2(200)" desc="" name="ARR_SPOT" type="String"/><field const="maxsize=24" dbtype="VARCHAR2(24)" desc="" name="INS_DT" type="String"/><field const="maxsize=24" dbtype="VARCHAR2(24)" desc="" name="UPD_DT" type="String"/><field const="maxsize=16" dbtype="VARCHAR2(16)" desc="" name="WRT_ID" type="String"/><field const="notnull;maxsize=4" dbtype="NUMBER(4)" desc="" name="SEQ" type="String"/></contents></table>