<?xml version="1.0" encoding="UTF-8"?>
<table name="PT_S_SYSVAR_MASTER" pkgname="sp.dao" schema=""><desc/><primarykey><key>SIDO_CODE</key><key>SIGUNGU_CODE</key></primarykey><contents><field const="notnull;maxsize=4" dbtype="VARCHAR2(4)" desc="" name="SIDO_CODE" type="String"/><field const="notnull;maxsize=5" dbtype="VARCHAR2(5)" desc="" name="SIGUNGU_CODE" type="String"/><field const="notnull;maxsize=3" dbtype="NUMBER(3)" desc="" name="NEW_WRT" type="String"/><field const="maxsize=3" dbtype="NUMBER(3)" desc="" name="BAS_STA" type="String"/><field const="maxsize=3" dbtype="NUMBER(3)" desc="" name="AFF" type="String"/><field const="maxsize=3" dbtype="NUMBER(3)" desc="" name="ASSI_TRAN" type="String"/><field const="maxsize=3" dbtype="NUMBER(3)" desc="" name="USEBEF_INSP" type="String"/><field const="maxsize=26" dbtype="VARCHAR2(26)" desc="" name="CYTYSEAL" type="String"/><field const="maxsize=16" dbtype="VARCHAR2(16)" desc="" name="WRT_ID" type="String"/><field const="maxsize=24" dbtype="VARCHAR2(24)" desc="" name="INS_DT" type="String"/><field const="maxsize=24" dbtype="VARCHAR2(24)" desc="" name="UPD_DT" type="String"/><field const="maxsize=100" dbtype="VARCHAR2(100)" desc="" name="SERVER_ADDR" type="String"/><field const="maxsize=1" dbtype="VARCHAR2(1)" desc="" name="SERVER_YN" type="String"/><field const="maxsize=40" dbtype="VARCHAR2(40)" desc="" name="SEND_SYS_ID" type="String"/><field const="maxsize=40" dbtype="VARCHAR2(40)" desc="" name="RECV_SYS_ID" type="String"/><field const="maxsize=1" dbtype="CHAR(1)" desc="" name="CITYSEAL_USE_YN" type="String"/><field const="maxsize=5" dbtype="VARCHAR2(5)" desc="" name="CITYSEAL_WIDTH" type="String"/><field const="maxsize=5" dbtype="VARCHAR2(5)" desc="" name="CITYSEAL_HEIGHT" type="String"/><field const="maxsize=20" dbtype="VARCHAR2(20)" desc="" name="GROUPWARE_MODULE_TYPE" type="String"/><field const="maxsize=1" dbtype="CHAR(1)" desc="" name="ONLINE_CERT_USE_YN" type="String"/><field const="maxsize=1" dbtype="CHAR(1)" desc="" name="APPL_GUBUN" type="String"/></contents></table>