<?xml version="1.0" encoding="UTF-8"?>
<table name="PT_S_SYSVAR_PDA" pkgname="sp.dao" schema=""><desc/><primarykey><key>SEQ</key><key>SIDO_CODE</key><key>SIGUNGU_CODE</key></primarykey><contents><field const="maxsize=125" dbtype="VARCHAR2(125)" desc="" name="PDA_MAC_ADDR" type="String"/><field const="maxsize=24" dbtype="VARCHAR2(24)" desc="" name="PDA_NUM" type="String"/><field const="maxsize=16" dbtype="VARCHAR2(16)" desc="" name="WRT_ID" type="String"/><field const="maxsize=24" dbtype="VARCHAR2(24)" desc="" name="INS_DT" type="String"/><field const="maxsize=24" dbtype="VARCHAR2(24)" desc="" name="UPD_DT" type="String"/><field const="notnull;maxsize=4" dbtype="VARCHAR2(4)" desc="" name="SIDO_CODE" type="String"/><field const="notnull;maxsize=5" dbtype="VARCHAR2(5)" desc="" name="SIGUNGU_CODE" type="String"/><field const="notnull;maxsize=4" dbtype="NUMBER(4)" desc="" name="SEQ" type="String"/></contents></table>