<?xml version="1.0" encoding="UTF-8"?>
<table name="PT_SM_PROGRAM_LOG" pkgname="sp.dao" schema=""><desc/><primarykey><key>LOG_NUM</key><key>USER_CODE</key></primarykey><contents><field const="notnull" dbtype="NUMBER(22)" desc="" name="LOG_NUM" type="String"/><field const="notnull;maxsize=10" dbtype="VARCHAR2(10)" desc="" name="USER_CODE" type="String"/><field const="notnull;maxsize=20" dbtype="VARCHAR2(20)" desc="" name="ACCESS_TIME" type="String"/><field const="maxsize=20" dbtype="VARCHAR2(20)" desc="" name="PROGRAM_ID" type="String"/><field const="maxsize=4" dbtype="VARCHAR2(4)" desc="" name="USER_ACTION" type="String"/><field const="maxsize=128" dbtype="VARCHAR2(128)" desc="" name="REQ_URI" type="String"/><field const="maxsize=500" dbtype="VARCHAR2(500)" desc="" name="USER_DATA" type="String"/></contents></table>