<?xml version="1.0" encoding="UTF-8"?>
<table name="PT_SM_USER_LOG" pkgname="sp.dao" schema=""><desc/><primarykey><key>LOG_NUM</key></primarykey><contents><field const="notnull;maxsize=11" dbtype="NUMBER(11)" desc="" name="LOG_NUM" type="String"/><field const="notnull;maxsize=16" dbtype="VARCHAR2(16)" desc="" name="USER_ID" type="String"/><field const="notnull;maxsize=20" dbtype="VARCHAR2(20)" desc="" name="ACCESS_TIME" type="String"/><field const="maxsize=20" dbtype="VARCHAR2(20)" desc="" name="END_TIME" type="String"/><field const="maxsize=15" dbtype="VARCHAR2(15)" desc="" name="ACCESS_IP" type="String"/><field const="maxsize=128" dbtype="VARCHAR2(128)" desc="" name="BROWSER" type="String"/></contents></table>