<?xml version="1.0" encoding="UTF-8"?>
<table name="PT_SIDO_CODE" pkgname="sp.dao" schema=""><desc/><primarykey><key>SEQ</key></primarykey><contents><field const="notnull;maxsize=4" dbtype="NUMBER(4)" desc="" name="SEQ" type="String"/><field const="maxsize=20" dbtype="VARCHAR2(20)" desc="" name="SIDO_NM" type="String"/><field const="maxsize=40" dbtype="VARCHAR2(40)" desc="" name="SIGUNGU_NM" type="String"/><field const="maxsize=24" dbtype="VARCHAR2(24)" desc="" name="TEL" type="String"/><field const="maxsize=100" dbtype="VARCHAR2(100)" desc="" name="OFFPART" type="String"/><field const="maxsize=24" dbtype="VARCHAR2(24)" desc="" name="AREA_CODE" type="String"/><field const="maxsize=16" dbtype="VARCHAR2(16)" desc="" name="WRT_ID" type="String"/><field const="maxsize=24" dbtype="VARCHAR2(24)" desc="" name="INS_DT" type="String"/><field const="maxsize=24" dbtype="VARCHAR2(24)" desc="" name="UPD_DT" type="String"/><field const="maxsize=255" dbtype="VARCHAR2(255)" desc="" name="REMARK" type="String"/><field const="notnull;maxsize=128" dbtype="VARCHAR2(128)" desc="" name="HOME" type="String"/><field const="maxsize=128" dbtype="VARCHAR2(128)" desc="" name="ADDR" type="String"/><field const="maxsize=40" dbtype="VARCHAR2(40)" desc="" name="SIDO_CAPTAIN" type="String"/><field const="maxsize=50" dbtype="VARCHAR2(50)" desc="" name="SIDO_FULL_NM" type="String"/><field const="maxsize=10" dbtype="VARCHAR2(10)" desc="" name="SIDO_NM_CUT" type="String"/><field const="maxsize=30" dbtype="VARCHAR2(30)" desc="" name="SIGUNGU_NM_CUT" type="String"/><field const="maxsize=4" dbtype="VARCHAR2(4)" desc="" name="COI_WRT_NUM" type="String"/><field const="maxsize=4" dbtype="VARCHAR2(4)" desc="" name="NUM2" type="String"/><field const="maxsize=4" dbtype="VARCHAR2(4)" desc="" name="SIDO_SEQ" type="String"/><field const="maxsize=5" dbtype="VARCHAR2(5)" desc="" name="SIGUNGU_SEQ" type="String"/></contents></table>