<?xml version="1.0" encoding="UTF-8"?>
<table name="PT_S_WORK_ITEM" pkgname="sp.dao" schema=""><desc/><primarykey><key>SEQ</key><key>TMP_WRT_NUM</key><key>WRT_NUM</key></primarykey><contents><field const="notnull;maxsize=12" dbtype="VARCHAR2(12)" desc="" name="WRT_NUM" type="String"/><field const="notnull;maxsize=12" dbtype="VARCHAR2(12)" desc="" name="TMP_WRT_NUM" type="String"/><field const="maxsize=200" dbtype="VARCHAR2(200)" desc="" name="WORKNM" type="String"/><field const="maxsize=200" dbtype="VARCHAR2(200)" desc="" name="SPOT_ADDR" type="String"/><field const="maxsize=1" dbtype="VARCHAR2(1)" desc="" name="CONT_WRT_YN" type="String"/><field const="maxsize=1" dbtype="VARCHAR2(1)" desc="" name="ENGINEER_ARR_NOTE" type="String"/><field const="maxsize=12" dbtype="VARCHAR2(12)" desc="" name="CARE_BOOK_ISSUE_NUM" type="String"/><field const="maxsize=17" dbtype="VARCHAR2(17)" desc="" name="SPOT_TEL" type="String"/><field const="maxsize=24" dbtype="VARCHAR2(24)" desc="" name="INS_DT" type="String"/><field const="maxsize=24" dbtype="VARCHAR2(24)" desc="" name="UPD_DT" type="String"/><field const="maxsize=16" dbtype="VARCHAR2(16)" desc="" name="WRT_ID" type="String"/><field const="notnull;maxsize=4" dbtype="NUMBER(4)" desc="" name="SEQ" type="String"/></contents></table>