<?xml version="1.0" encoding="UTF-8"?>
<table name="PT_SMS_LOG" pkgname="sp.dao" schema=""><desc/><primarykey/><contents><field const="notnull;maxsize=12" dbtype="VARCHAR2(12)" desc="" name="USER_ID" type="String"/><field const="notnull;maxsize=4" dbtype="VARCHAR2(4)" desc="" name="LOCAL_CD" type="String"/><field const="notnull;maxsize=5" dbtype="VARCHAR2(5)" desc="" name="AREA_CD" type="String"/><field const="maxsize=14" dbtype="VARCHAR2(14)" desc="" name="FROM_TEL" type="String"/><field const="maxsize=14" dbtype="VARCHAR2(14)" desc="" name="TO_TEL" type="String"/><field const="maxsize=82" dbtype="VARCHAR2(82)" desc="" name="MSG" type="String"/><field const="maxsize=24" dbtype="VARCHAR2(24)" desc="" name="INS_DT" type="String"/><field const="maxsize=24" dbtype="VARCHAR2(24)" desc="" name="UPD_DT" type="String"/><field const="maxsize=1" dbtype="CHAR(1)" desc="" name="RESULT" type="String"/></contents></table>