<?xml version="1.0" encoding="UTF-8"?>
<table name="PT_S_CONFIRM" pkgname="sp.dao" schema=""><desc/><primarykey><key>TMP_WRT_NUM</key><key>WRT_NUM</key></primarykey><contents><field const="notnull;maxsize=12" dbtype="VARCHAR2(12)" desc="" name="WRT_NUM" type="String"/><field const="notnull;maxsize=12" dbtype="VARCHAR2(12)" desc="" name="TMP_WRT_NUM" type="String"/><field const="maxsize=8" dbtype="VARCHAR2(8)" desc="" name="VIOL_DT" type="String"/><field const="maxsize=512" dbtype="VARCHAR2(512)" desc="" name="VIOL_ITEM" type="String"/><field const="maxsize=2048" dbtype="VARCHAR2(2048)" desc="" name="VIOL_CONT" type="String"/><field const="maxsize=24" dbtype="VARCHAR2(24)" desc="" name="INS_DT" type="String"/><field const="maxsize=24" dbtype="VARCHAR2(24)" desc="" name="UPD_DT" type="String"/><field const="maxsize=16" dbtype="VARCHAR2(16)" desc="" name="WRT_ID" type="String"/></contents></table>