<?xml version="1.0" encoding="UTF-8"?>
<table name="PT_SAMPLE" pkgname="sp.dao" schema=""><desc/><primarykey><key>REC_NUM</key><key>REG_NUM</key></primarykey><contents><field const="notnull;maxsize=32" dbtype="VARCHAR2(32)" desc="" name="REC_NUM" type="String"/><field const="notnull;maxsize=32" dbtype="VARCHAR2(32)" desc="" name="REG_NUM" type="String"/><field const="maxsize=2" dbtype="VARCHAR2(2)" desc="" name="SC_CODE" type="String"/><field const="maxsize=2" dbtype="VARCHAR2(2)" desc="" name="SGG_CODE" type="String"/><field const="maxsize=24" dbtype="VARCHAR2(24)" desc="" name="REC_DATE" type="String"/><field const="maxsize=24" dbtype="VARCHAR2(24)" desc="" name="PRO_PERIOD" type="String"/><field const="maxsize=16" dbtype="VARCHAR2(16)" desc="" name="PRO_DUTY" type="String"/><field const="maxsize=16" dbtype="VARCHAR2(16)" desc="" name="PRO_REC_NUM" type="String"/><field const="maxsize=32" dbtype="VARCHAR2(32)" desc="" name="COMPANY_NM" type="String"/><field const="maxsize=24" dbtype="VARCHAR2(24)" desc="" name="APPLICANT" type="String"/><field const="maxsize=16" dbtype="VARCHAR2(16)" desc="" name="TEL" type="String"/><field const="maxsize=16" dbtype="VARCHAR2(16)" desc="" name="FAX" type="String"/><field const="maxsize=24" dbtype="VARCHAR2(24)" desc="" name="REMEMBRANCER" type="String"/><field const="maxsize=6" dbtype="NUMBER(6)" desc="" name="SSN1" type="String"/><field const="maxsize=7" dbtype="NUMBER(7)" desc="" name="SSN2" type="String"/><field const="maxsize=8" dbtype="VARCHAR2(8)" desc="" name="POST_CODE" type="String"/><field const="maxsize=64" dbtype="VARCHAR2(64)" desc="" name="ADDR" type="String"/><field const="maxsize=64" dbtype="VARCHAR2(64)" desc="" name="ADDR_ETC" type="String"/><field const="maxsize=8" dbtype="VARCHAR2(8)" desc="" name="PUBLIC_WORK" type="String"/><field const="maxsize=32" dbtype="VARCHAR2(32)" desc="" name="REP_NUM" type="String"/><field const="maxsize=24" dbtype="VARCHAR2(24)" desc="" name="REC_DUTY" type="String"/><field const="maxsize=16" dbtype="VARCHAR2(16)" desc="" name="REC_WRITE" type="String"/><field const="maxsize=24" dbtype="VARCHAR2(24)" desc="" name="REC_INS_DT" type="String"/><field const="maxsize=16" dbtype="VARCHAR2(16)" desc="" name="WRT_ID" type="String"/><field const="maxsize=24" dbtype="VARCHAR2(24)" desc="" name="UDP_DT" type="String"/><field const="maxsize=24" dbtype="VARCHAR2(24)" desc="" name="INS_DT" type="String"/><field const="maxsize=128" dbtype="VARCHAR2(128)" desc="" name="NOTE" type="String"/></contents></table>