<?xml version="1.0" encoding="UTF-8"?>
<table name="PT_TMP_TRANS_KEY" pkgname="sp.dao" schema=""><desc/><primarykey><key>SEQ</key></primarykey><contents><field const="notnull;maxsize=18" dbtype="VARCHAR2(18)" desc="" name="WORK_CLASS_CODE" type="String"/><field const="notnull;maxsize=20" dbtype="VARCHAR2(20)" desc="" name="KEY1" type="String"/><field const="maxsize=20" dbtype="VARCHAR2(20)" desc="" name="KEY2" type="String"/><field const="maxsize=20" dbtype="VARCHAR2(20)" desc="" name="KEY3" type="String"/><field const="maxsize=20" dbtype="VARCHAR2(20)" desc="" name="KEY4" type="String"/><field const="maxsize=20" dbtype="VARCHAR2(20)" desc="" name="KEY5" type="String"/><field const="maxsize=1" dbtype="VARCHAR2(1)" desc="" name="CUD_FLAG" type="String"/><field const="notnull;maxsize=18" dbtype="VARCHAR2(18)" desc="" name="SEQ" type="String"/><field const="maxsize=24" dbtype="VARCHAR2(24)" desc="" name="INS_DT" type="String"/></contents></table>