<?xml version="1.0" encoding="UTF-8"?>
<table name="PT_UB_CONSTRUCTION_DETAIL" pkgname="sp.dao" schema=""><desc/><primarykey><key>EX_SEQ</key><key>PEQ_NO</key><key>SD_CD</key><key>SGG_CD</key></primarykey><contents><field const="notnull;maxsize=22" dbtype="NUMBER(22)" desc="" name="EX_SEQ" type="String"/><field const="maxsize=4" dbtype="VARCHAR2(4)" desc="" name="EX_RES" type="String"/><field const="maxsize=16" dbtype="VARCHAR2(16)" desc="" name="WRT_ID" type="String"/><field const="maxsize=24" dbtype="VARCHAR2(24)" desc="" name="INS_DT" type="String"/><field const="maxsize=24" dbtype="VARCHAR2(24)" desc="" name="UPD_DT" type="String"/><field const="notnull;maxsize=20" dbtype="VARCHAR2(20)" desc="" name="PEQ_NO" type="String"/><field const="notnull;maxsize=4" dbtype="VARCHAR2(4)" desc="" name="SD_CD" type="String"/><field const="notnull;maxsize=4" dbtype="VARCHAR2(4)" desc="" name="SGG_CD" type="String"/><field const="maxsize=100" dbtype="VARCHAR2(100)" desc="" name="EX_CON" type="String"/></contents></table>