<?xml version="1.0" encoding="UTF-8"?>
<table name="PT_UB_USEBEFORE" pkgname="sp.dao" schema=""><desc/><primarykey><key>RECV_NUM</key><key>SIDO_CODE</key><key>SIGUNGU_CODE</key></primarykey><contents><field const="notnull;maxsize=5" dbtype="VARCHAR2(5)" desc="" name="SIDO_CODE" type="String"/><field const="notnull;maxsize=4" dbtype="VARCHAR2(4)" desc="" name="SIGUNGU_CODE" type="String"/><field const="maxsize=50" dbtype="VARCHAR2(50)" desc="" name="APPLPER_NM" type="String"/><field const="maxsize=24" dbtype="VARCHAR2(24)" desc="" name="APPLPER_REP" type="String"/><field const="maxsize=16" dbtype="VARCHAR2(16)" desc="" name="APPLPER_POSTNUM" type="String"/><field const="maxsize=100" dbtype="VARCHAR2(100)" desc="" name="APPLPER_ADDR" type="String"/><field const="maxsize=128" dbtype="VARCHAR2(128)" desc="" name="APPLPER_DETAILADDR" type="String"/><field const="maxsize=24" dbtype="VARCHAR2(24)" desc="" name="APPLPER_TELNUM" type="String"/><field const="maxsize=100" dbtype="VARCHAR2(100)" desc="" name="OPE_NAME" type="String"/><field const="maxsize=24" dbtype="VARCHAR2(24)" desc="" name="OPE_REP" type="String"/><field const="maxsize=24" dbtype="VARCHAR2(24)" desc="" name="OPE_TELNUM" type="String"/><field const="maxsize=24" dbtype="VARCHAR2(24)" desc="" name="COI_WRT_NUM" type="String"/><field const="maxsize=16" dbtype="VARCHAR2(16)" desc="" name="OPE_POSTNUM" type="String"/><field const="maxsize=100" dbtype="VARCHAR2(100)" desc="" name="OPE_ADDR" type="String"/><field const="maxsize=128" dbtype="VARCHAR2(128)" desc="" name="OPE_DETAILADDR" type="String"/><field const="maxsize=100" dbtype="VARCHAR2(100)" desc="" name="INSP_SPOT_NM" type="String"/><field const="maxsize=16" dbtype="VARCHAR2(16)" desc="" name="INSP_SPOT_POSTNUM" type="String"/><field const="maxsize=100" dbtype="VARCHAR2(100)" desc="" name="INSP_SPOT_ADDR" type="String"/><field const="maxsize=128" dbtype="VARCHAR2(128)" desc="" name="INSP_SPOT_DETAILADDR" type="String"/><field const="maxsize=26" dbtype="VARCHAR2(26)" desc="" name="PLANER_NM" type="String"/><field const="maxsize=250" dbtype="VARCHAR2(250)" desc="" name="WORK_ITEM" type="String"/><field const="maxsize=10" dbtype="VARCHAR2(10)" desc="" name="AREA" type="String"/><field const="maxsize=200" dbtype="VARCHAR2(200)" desc="" name="NUM_FL" type="String"/><field const="maxsize=100" dbtype="VARCHAR2(100)" desc="" name="USE" type="String"/><field const="maxsize=200" dbtype="VARCHAR2(200)" desc="" name="INSP_APPL_WORK" type="String"/><field const="maxsize=24" dbtype="VARCHAR2(24)" desc="" name="INSP_APPL_DT" type="String"/><field const="maxsize=24" dbtype="VARCHAR2(24)" desc="" name="INSP_DT" type="String"/><field const="maxsize=26" dbtype="VARCHAR2(26)" desc="" name="INSP_FEE" type="String"/><field const="maxsize=50" dbtype="VARCHAR2(50)" desc="" name="INSPER_NM" type="String"/><field const="maxsize=50" dbtype="VARCHAR2(50)" desc="" name="INSPER_POSI" type="String"/><field const="maxsize=255" dbtype="VARCHAR2(255)" desc="" name="JUDGM" type="String"/><field const="maxsize=5" dbtype="VARCHAR2(5)" desc="" name="PLAN_CONFIRM_YN" type="String"/><field const="maxsize=50" dbtype="VARCHAR2(50)" desc="" name="SW_BEF_REPO_DELINUM" type="String"/><field const="maxsize=24" dbtype="VARCHAR2(24)" desc="" name="SW_DT" type="String"/><field const="maxsize=24" dbtype="VARCHAR2(24)" desc="" name="EW_DT" type="String"/><field const="maxsize=24" dbtype="VARCHAR2(24)" desc="" name="INSP_WISH_YMD" type="String"/><field const="maxsize=26" dbtype="VARCHAR2(26)" desc="" name="OFFI_TELNUM" type="String"/><field const="maxsize=60" dbtype="VARCHAR2(60)" desc="" name="OFFI_NM" type="String"/><field const="maxsize=50" dbtype="VARCHAR2(50)" desc="" name="USEBEFINSP_DELINUM" type="String"/><field const="maxsize=100" dbtype="VARCHAR2(100)" desc="" name="SUV" type="String"/><field const="maxsize=255" dbtype="VARCHAR2(255)" desc="" name="REMARK" type="String"/><field const="maxsize=5" dbtype="VARCHAR2(5)" desc="" name="CER_DELI_YN" type="String"/><field const="maxsize=255" dbtype="VARCHAR2(255)" desc="" name="PLAN_CONFIRM_REMARK" type="String"/><field const="maxsize=20" dbtype="VARCHAR2(20)" desc="" name="NAPPL_YN" type="String"/><field const="maxsize=100" dbtype="VARCHAR2(100)" desc="" name="NAPPL_CAUSE" type="String"/><field const="maxsize=255" dbtype="VARCHAR2(255)" desc="" name="DOC_INSP_REMARK" type="String"/><field const="maxsize=50" dbtype="VARCHAR2(50)" desc="" name="WRT_ID" type="String"/><field const="maxsize=24" dbtype="VARCHAR2(24)" desc="" name="INS_DT" type="String"/><field const="maxsize=24" dbtype="VARCHAR2(24)" desc="" name="UPD_DT" type="String"/><field const="maxsize=100" dbtype="VARCHAR2(100)" desc="" name="CIV_RECV_NUM" type="String"/><field const="maxsize=8" dbtype="VARCHAR2(8)" desc="" name="RECV_DT" type="String"/><field const="maxsize=100" dbtype="VARCHAR2(100)" desc="" name="PLAN_CONFIRM_PER_YN" type="String"/><field const="maxsize=200" dbtype="VARCHAR2(200)" desc="" name="PLAN_ENT_CHG_YN" type="String"/><field const="maxsize=200" dbtype="VARCHAR2(200)" desc="" name="PLAN_CONT_CHG_YN" type="String"/><field const="notnull;maxsize=30" dbtype="VARCHAR2(30)" desc="" name="RECV_NUM" type="String"/><field const="maxsize=250" dbtype="VARCHAR2(250)" desc="" name="ATT_DOC" type="String"/><field const="maxsize=24" dbtype="VARCHAR2(24)" desc="" name="DELI_DT" type="String"/><field const="maxsize=4" dbtype="VARCHAR2(4)" desc="" name="DEFI_YN" type="String"/><field const="maxsize=4" dbtype="VARCHAR2(4)" desc="" name="PROC_STE" type="String"/><field const="maxsize=4" dbtype="VARCHAR2(4)" desc="" name="ISSUE_ITEM" type="String"/><field const="maxsize=4" dbtype="VARCHAR2(4)" desc="" name="NET_RECV_YN" type="String"/><field const="maxsize=24" dbtype="VARCHAR2(24)" desc="" name="PROC_LIM" type="String"/><field const="maxsize=20" dbtype="VARCHAR2(20)" desc="" name="INSP_NUM" type="String"/><field const="maxsize=20" dbtype="VARCHAR2(20)" desc="" name="PROC_OFFI" type="String"/><field const="maxsize=200" dbtype="VARCHAR2(200)" desc="" name="PLAN_CONFIRM_PER_YN_CONT" type="String"/><field const="maxsize=200" dbtype="VARCHAR2(200)" desc="" name="PLAN_ENT_CHG_YN_CONT" type="String"/><field const="maxsize=200" dbtype="VARCHAR2(200)" desc="" name="PLAN_CONT_CHG_YN_CONT" type="String"/><field const="maxsize=10" dbtype="VARCHAR2(10)" desc="" name="CHG_INSP" type="String"/><field const="maxsize=5" dbtype="VARCHAR2(5)" desc="" name="INSP_ITEM" type="String"/><field const="maxsize=200" dbtype="VARCHAR2(200)" desc="" name="ETC_INSP_BAS" type="String"/><field const="maxsize=200" dbtype="VARCHAR2(200)" desc="" name="WORK_ITEM_ETC" type="String"/><field const="maxsize=24" dbtype="VARCHAR2(24)" desc="" name="UPD_DT_OLD" type="String"/><field const="maxsize=24" dbtype="VARCHAR2(24)" desc="" name="BACKUP_TRANS_DT" type="String"/><field const="maxsize=24" dbtype="VARCHAR2(24)" desc="" name="TAKE_TM" type="String"/><field const="maxsize=255" dbtype="VARCHAR2(255)" desc="" name="USER_NAME" type="String"/><field const="maxsize=255" dbtype="VARCHAR2(255)" desc="" name="MW_PPS_GETR_ID" type="String"/><field const="maxsize=255" dbtype="VARCHAR2(255)" desc="" name="OUTVARS" type="String"/><field const="maxsize=255" dbtype="VARCHAR2(255)" desc="" name="MW_AFR_SHTNM" type="String"/><field const="maxsize=255" dbtype="VARCHAR2(255)" desc="" name="MW_SE" type="String"/><field const="maxsize=255" dbtype="VARCHAR2(255)" desc="" name="MW_CODE_CN" type="String"/><field const="maxsize=255" dbtype="VARCHAR2(255)" desc="" name="TAKE_CONFRM_CODE" type="String"/><field const="maxsize=255" dbtype="VARCHAR2(255)" desc="" name="DEAL_SE" type="String"/><field const="maxsize=255" dbtype="VARCHAR2(255)" desc="" name="DEAL_CODE_CN" type="String"/><field const="maxsize=255" dbtype="VARCHAR2(255)" desc="" name="TAKE_SE" type="String"/><field const="maxsize=255" dbtype="VARCHAR2(255)" desc="" name="TAKE_CODE_CN" type="String"/><field const="maxsize=255" dbtype="VARCHAR2(255)" desc="" name="REAL_DEAL_YMD" type="String"/><field const="maxsize=30" dbtype="VARCHAR2(30)" desc="" name="MW_TAKE_NO" type="String"/><field const="maxsize=50" dbtype="VARCHAR2(50)" desc="" name="ETC1" type="String"/><field const="maxsize=50" dbtype="VARCHAR2(50)" desc="" name="ETC2" type="String"/><field const="maxsize=50" dbtype="VARCHAR2(50)" desc="" name="ETC3" type="String"/><field const="maxsize=50" dbtype="VARCHAR2(50)" desc="" name="BEF_PLANER_NAME" type="String"/><field const="maxsize=20" dbtype="VARCHAR2(20)" desc="" name="PROC_OFFI_ID" type="String"/><field const="maxsize=24" dbtype="VARCHAR2(24)" desc="" name="ADMIT_DT" type="String"/></contents></table>