<?xml version="1.0" encoding="UTF-8"?>
<table name="PT_UB_SUVSPOT_MASTER" pkgname="sp.dao" schema=""><desc/><primarykey><key>SEQ</key></primarykey><contents><field const="notnull;maxsize=4" dbtype="NUMBER(4)" desc="" name="SEQ" type="String"/><field const="notnull;maxsize=100" dbtype="VARCHAR2(100)" desc="" name="SUV_NAME" type="String"/><field const="maxsize=24" dbtype="VARCHAR2(24)" desc="" name="SUV_STANUM" type="String"/><field const="notnull;maxsize=26" dbtype="VARCHAR2(26)" desc="" name="SUV_NM" type="String"/><field const="maxsize=24" dbtype="VARCHAR2(24)" desc="" name="SUV_TELNUM" type="String"/><field const="maxsize=6" dbtype="VARCHAR2(6)" desc="" name="SUV_POSTNUM" type="String"/><field const="maxsize=64" dbtype="VARCHAR2(64)" desc="" name="SUV_ADDR" type="String"/><field const="maxsize=128" dbtype="VARCHAR2(128)" desc="" name="SUV_DETAILADDR" type="String"/><field const="maxsize=16" dbtype="VARCHAR2(16)" desc="" name="WRT_ID" type="String"/><field const="maxsize=24" dbtype="VARCHAR2(24)" desc="" name="INS_DT" type="String"/><field const="maxsize=24" dbtype="VARCHAR2(24)" desc="" name="UPD_DT" type="String"/><field const="maxsize=24" dbtype="VARCHAR2(24)" desc="" name="SUV_MOBILE" type="String"/></contents></table>