<?xml version="1.0" encoding="UTF-8"?>
<table name="PT_UB_EQUIPMENT" pkgname="sp.dao" schema=""><desc/><primarykey><key>RECV_NUM</key><key>SIDO_CODE</key><key>SIGUNGU_CODE</key></primarykey><contents><field const="notnull;maxsize=30" dbtype="VARCHAR2(30)" desc="" name="RECV_NUM" type="String"/><field const="notnull;maxsize=5" dbtype="VARCHAR2(5)" desc="" name="SIDO_CODE" type="String"/><field const="notnull;maxsize=4" dbtype="VARCHAR2(4)" desc="" name="SIGUNGU_CODE" type="String"/><field const="maxsize=100" dbtype="VARCHAR2(100)" desc="" name="CIV_RECV_NUM" type="String"/><field const="maxsize=50" dbtype="VARCHAR2(50)" desc="" name="TYPE_PROC_NO_CA" type="String"/><field const="maxsize=100" dbtype="VARCHAR2(100)" desc="" name="TYPE_PROC_NM_CA" type="String"/><field const="maxsize=20" dbtype="VARCHAR2(20)" desc="" name="FREQUENCY_SCOPE_CA" type="String"/><field const="maxsize=100" dbtype="VARCHAR2(100)" desc="" name="WIRE_TYPE_CA" type="String"/><field const="maxsize=50" dbtype="VARCHAR2(50)" desc="" name="TYPE_PROC_NO_MA" type="String"/><field const="maxsize=100" dbtype="VARCHAR2(100)" desc="" name="TYPE_PROC_NM_MA" type="String"/><field const="maxsize=20" dbtype="VARCHAR2(20)" desc="" name="FREQUENCY_SCOPE_MA" type="String"/><field const="maxsize=100" dbtype="VARCHAR2(100)" desc="" name="WIRE_TYPE_MA" type="String"/><field const="maxsize=50" dbtype="VARCHAR2(50)" desc="" name="TYPE_PROC_NO_SMA" type="String"/><field const="maxsize=100" dbtype="VARCHAR2(100)" desc="" name="TYPE_PROC_NM_SMA" type="String"/><field const="maxsize=20" dbtype="VARCHAR2(20)" desc="" name="FREQUENCY_SCOPE_SMA" type="String"/><field const="maxsize=100" dbtype="VARCHAR2(100)" desc="" name="WIRE_TYPE_SMA" type="String"/><field const="maxsize=24" dbtype="VARCHAR2(24)" desc="" name="INS_DT" type="String"/><field const="maxsize=24" dbtype="VARCHAR2(24)" desc="" name="UPD_DT" type="String"/></contents></table>