<?xml version="1.0" encoding="UTF-8"?>
<table name="PT_UB_CONSTRUCTION" pkgname="sp.dao" schema=""><desc/><primarykey><key>RECV_NUM</key><key>SIDO_CODE</key><key>SIGUNGU_CODE</key></primarykey><contents><field const="maxsize=50" dbtype="VARCHAR2(50)" desc="" name="ORPE_NM" type="String"/><field const="maxsize=24" dbtype="VARCHAR2(24)" desc="" name="ORPE_TEL" type="String"/><field const="maxsize=16" dbtype="VARCHAR2(16)" desc="" name="ORPE_POSTNUM" type="String"/><field const="maxsize=64" dbtype="VARCHAR2(64)" desc="" name="ORPE_ADDR" type="String"/><field const="maxsize=128" dbtype="VARCHAR2(128)" desc="" name="ORPE_DETAILADDR" type="String"/><field const="maxsize=100" dbtype="VARCHAR2(100)" desc="" name="PLANER_NAME" type="String"/><field const="maxsize=50" dbtype="VARCHAR2(50)" desc="" name="PLANER_NM" type="String"/><field const="maxsize=24" dbtype="VARCHAR2(24)" desc="" name="PLANER_TEL" type="String"/><field const="maxsize=16" dbtype="VARCHAR2(16)" desc="" name="PLANER_POSTNUM" type="String"/><field const="maxsize=64" dbtype="VARCHAR2(64)" desc="" name="PLANER_ADDR" type="String"/><field const="maxsize=128" dbtype="VARCHAR2(128)" desc="" name="PLANER_DETAILADDR" type="String"/><field const="maxsize=24" dbtype="VARCHAR2(24)" desc="" name="RECV_DT" type="String"/><field const="maxsize=50" dbtype="VARCHAR2(50)" desc="" name="STRU_COMMIT_NUM" type="String"/><field const="maxsize=16" dbtype="VARCHAR2(16)" desc="" name="STRU_ADDR_POSTNUM" type="String"/><field const="maxsize=64" dbtype="VARCHAR2(64)" desc="" name="STRU_ADDR_ADDR" type="String"/><field const="maxsize=128" dbtype="VARCHAR2(128)" desc="" name="STRU_ADDR_DETAILADDR" type="String"/><field const="maxsize=100" dbtype="VARCHAR2(100)" desc="" name="USE" type="String"/><field const="maxsize=10" dbtype="VARCHAR2(10)" desc="" name="AREA" type="String"/><field const="maxsize=200" dbtype="VARCHAR2(200)" desc="" name="NUM_FL" type="String"/><field const="maxsize=250" dbtype="VARCHAR2(250)" desc="" name="WORK_ITEM" type="String"/><field const="maxsize=5" dbtype="VARCHAR2(5)" desc="" name="STE" type="String"/><field const="maxsize=25" dbtype="VARCHAR2(25)" desc="" name="SUV_APPL" type="String"/><field const="maxsize=25" dbtype="VARCHAR2(25)" desc="" name="CONFIRMER_NM" type="String"/><field const="maxsize=50" dbtype="VARCHAR2(50)" desc="" name="CONFIRMER_POSI" type="String"/><field const="maxsize=24" dbtype="VARCHAR2(24)" desc="" name="CONFIRMER_TEL" type="String"/><field const="maxsize=200" dbtype="VARCHAR2(200)" desc="" name="INSP_OPIN" type="String"/><field const="maxsize=200" dbtype="VARCHAR2(200)" desc="" name="PRE_ITEM" type="String"/><field const="maxsize=40" dbtype="VARCHAR2(40)" desc="" name="SW_BEF_REPO_DELINUM" type="String"/><field const="maxsize=24" dbtype="VARCHAR2(24)" desc="" name="REPO_DT" type="String"/><field const="maxsize=16" dbtype="VARCHAR2(16)" desc="" name="WRT_ID" type="String"/><field const="notnull;maxsize=20" dbtype="VARCHAR2(20)" desc="" name="CIV_RECV_NUM" type="String"/><field const="notnull;maxsize=5" dbtype="VARCHAR2(5)" desc="" name="SIDO_CODE" type="String"/><field const="notnull;maxsize=4" dbtype="VARCHAR2(4)" desc="" name="SIGUNGU_CODE" type="String"/><field const="maxsize=24" dbtype="VARCHAR2(24)" desc="" name="INS_DT" type="String"/><field const="maxsize=24" dbtype="VARCHAR2(24)" desc="" name="UPD_DT" type="String"/><field const="notnull;maxsize=12" dbtype="VARCHAR2(12)" desc="" name="RECV_NUM" type="String"/><field const="maxsize=255" dbtype="VARCHAR2(255)" desc="" name="INSP_BAS" type="String"/><field const="maxsize=26" dbtype="VARCHAR2(26)" desc="" name="CER_DELI_NUM" type="String"/><field const="maxsize=15" dbtype="VARCHAR2(15)" desc="" name="CER_DELI_CONFIRM" type="String"/><field const="maxsize=24" dbtype="VARCHAR2(24)" desc="" name="INSP_APPL_DT" type="String"/><field const="maxsize=4" dbtype="VARCHAR2(4)" desc="" name="PROC_STE" type="String"/><field const="maxsize=4" dbtype="VARCHAR2(4)" desc="" name="CER_DELI_YN" type="String"/><field const="maxsize=20" dbtype="VARCHAR2(20)" desc="" name="PROC_OFFI_NM" type="String"/><field const="maxsize=200" dbtype="VARCHAR2(200)" desc="" name="WORK_ITEM_ETC" type="String"/><field const="maxsize=200" dbtype="VARCHAR2(200)" desc="" name="ETC_INSP_BAS" type="String"/><field const="maxsize=24" dbtype="VARCHAR2(24)" desc="" name="UPD_DT_OLD" type="String"/><field const="maxsize=24" dbtype="VARCHAR2(24)" desc="" name="BACKUP_TRANS_DT" type="String"/><field const="maxsize=20" dbtype="VARCHAR2(20)" desc="" name="CONFIRMER_OFFI_ID" type="String"/><field const="maxsize=1" dbtype="VARCHAR2(1)" desc="" name="CHG_INSP" type="String"/><field const="maxsize=1" dbtype="VARCHAR2(1)" desc="" name="STRU_INFO_BIGO" type="String"/></contents></table>