<?xml version="1.0" encoding="UTF-8"?>
<table name="PT_USER" pkgname="sp.dao" schema=""><desc/><primarykey><key>USER_CODE</key></primarykey><contents><field const="notnull;maxsize=10" dbtype="VARCHAR2(10)" desc="" name="USER_CODE" type="String"/><field const="maxsize=40" dbtype="VARCHAR2(40)" desc="" name="USER_NAME" type="String"/><field const="maxsize=12" dbtype="VARCHAR2(12)" desc="" name="USER_ID" type="String"/><field const="maxsize=12" dbtype="VARCHAR2(12)" desc="" name="USER_PASSWD" type="String"/><field const="maxsize=60" dbtype="VARCHAR2(60)" desc="" name="USER_EMAIL" type="String"/><field const="maxsize=14" dbtype="VARCHAR2(14)" desc="" name="USER_TEL" type="String"/><field const="maxsize=14" dbtype="VARCHAR2(14)" desc="" name="USER_MOBILE" type="String"/><field const="maxsize=14" dbtype="VARCHAR2(14)" desc="" name="USER_NAT_NUM" type="String"/><field const="maxsize=40" dbtype="VARCHAR2(40)" desc="" name="POST" type="String"/><field const="maxsize=50" dbtype="VARCHAR2(50)" desc="" name="EMAIL" type="String"/><field const="maxsize=20" dbtype="VARCHAR2(20)" desc="" name="CAPITAL" type="String"/><field const="maxsize=1" dbtype="VARCHAR2(1)" desc="" name="USE_YN" type="String"/><field const="maxsize=30" dbtype="VARCHAR2(30)" desc="" name="REG_DATE" type="String"/><field const="maxsize=10" dbtype="VARCHAR2(10)" desc="" name="MOD_DATE" type="String"/><field const="maxsize=20" dbtype="VARCHAR2(20)" desc="" name="LAST_CONN" type="String"/><field const="maxsize=40" dbtype="VARCHAR2(40)" desc="" name="ORGANIZATION" type="String"/><field const="maxsize=50" dbtype="VARCHAR2(50)" desc="" name="POSITION" type="String"/><field const="maxsize=40" dbtype="VARCHAR2(40)" desc="" name="STAFF_SYSTEM" type="String"/><field const="maxsize=40" dbtype="VARCHAR2(40)" desc="" name="STAFF_LEVEL" type="String"/><field const="maxsize=20" dbtype="VARCHAR2(20)" desc="" name="USER_AUTH" type="String"/><field const="maxsize=22" dbtype="NUMBER(22)" desc="" name="USER_LEVEL" type="String"/></contents></table>