<?xml version="1.0" encoding="UTF-8"?>
<table name="PT_UB_DETAIL_MASTER" pkgname="sp.dao" schema=""><desc/><primarykey><key>SEQ</key></primarykey><contents><field const="notnull;maxsize=22" dbtype="NUMBER(22)" desc="" name="SEQ" type="String"/><field const="maxsize=4" dbtype="VARCHAR2(4)" desc="" name="ITEM" type="String"/><field const="maxsize=255" dbtype="VARCHAR2(255)" desc="" name="LARCLAS" type="String"/><field const="maxsize=255" dbtype="VARCHAR2(255)" desc="" name="SMACLAS" type="String"/><field const="maxsize=255" dbtype="VARCHAR2(255)" desc="" name="CONT" type="String"/><field const="maxsize=16" dbtype="VARCHAR2(16)" desc="" name="WRT_ID" type="String"/><field const="maxsize=24" dbtype="VARCHAR2(24)" desc="" name="INS_DT" type="String"/><field const="maxsize=24" dbtype="VARCHAR2(24)" desc="" name="UPD_DT" type="String"/><field const="maxsize=255" dbtype="VARCHAR2(255)" desc="" name="MIDCLAS" type="String"/><field const="maxsize=200" dbtype="VARCHAR2(200)" desc="" name="BAS" type="String"/><field const="maxsize=10" dbtype="VARCHAR2(10)" desc="" name="CONT_YN" type="String"/><field const="maxsize=4" dbtype="NUMBER(4)" desc="" name="ORDER_SEQ" type="String"/><field const="maxsize=255" dbtype="VARCHAR2(255)" desc="" name="DETAIL_CONT" type="String"/></contents></table>