<?xml version="1.0" encoding="UTF-8"?>
<table name="PT_UB_USEBEFORE_PRINT_LOG" pkgname="sp.dao" schema=""><desc/><primarykey/><contents><field const="maxsize=22" dbtype="NUMBER(22)" desc="" name="UB_LOG_SEQ" type="String"/><field const="maxsize=200" dbtype="VARCHAR2(200)" desc="" name="USER_NAME" type="String"/><field const="maxsize=100" dbtype="VARCHAR2(100)" desc="" name="CIV_RECV_NUM" type="String"/><field const="maxsize=32" dbtype="VARCHAR2(32)" desc="" name="USER_NAT_NUM" type="String"/><field const="maxsize=4" dbtype="VARCHAR2(4)" desc="" name="SIGUNGU_CODE" type="String"/><field const="maxsize=18" dbtype="VARCHAR2(18)" desc="" name="USER_IP" type="String"/><field const="maxsize=24" dbtype="VARCHAR2(24)" desc="" name="INSP_DT" type="String"/></contents></table>