<?xml version="1.0" encoding="UTF-8"?>
<table name="PT_UB_FILE" pkgname="sp.dao" schema=""><desc/><primarykey><key>RECV_NUM</key><key>SEQ</key><key>SIDO_CODE</key><key>SIGUNGU_CODE</key></primarykey><contents><field const="maxsize=100" dbtype="VARCHAR2(100)" desc="" name="FILE_NM" type="String"/><field const="maxsize=10" dbtype="VARCHAR2(10)" desc="" name="FILE_SIZE" type="String"/><field const="maxsize=16" dbtype="VARCHAR2(16)" desc="" name="WRT_ID" type="String"/><field const="maxsize=24" dbtype="VARCHAR2(24)" desc="" name="INS_DT" type="String"/><field const="maxsize=24" dbtype="VARCHAR2(24)" desc="" name="UPD_DT" type="String"/><field const="notnull;maxsize=22" dbtype="NUMBER(22)" desc="" name="SEQ" type="String"/><field const="notnull;maxsize=30" dbtype="VARCHAR2(30)" desc="" name="RECV_NUM" type="String"/><field const="notnull;maxsize=5" dbtype="VARCHAR2(5)" desc="" name="SIDO_CODE" type="String"/><field const="notnull;maxsize=4" dbtype="VARCHAR2(4)" desc="" name="SIGUNGU_CODE" type="String"/><field const="maxsize=24" dbtype="VARCHAR2(24)" desc="" name="UPD_DT_OLD" type="String"/><field const="maxsize=24" dbtype="VARCHAR2(24)" desc="" name="BACKUP_TRANS_DT" type="String"/><field const="maxsize=281" dbtype="VARCHAR2(281)" desc="" name="SYS_FILE_NAME" type="String"/></contents></table>