<?xml version="1.0" encoding="UTF-8"?>
<table name="PT_UB_SUVSPOT" pkgname="sp.dao" schema=""><desc/><primarykey><key>RECV_NUM</key><key>SIDO_CODE</key><key>SIGUNGU_CODE</key></primarykey><contents><field const="notnull;maxsize=16" dbtype="VARCHAR2(16)" desc="" name="RECV_NUM" type="String"/><field const="maxsize=100" dbtype="VARCHAR2(100)" desc="" name="SUV_NAME" type="String"/><field const="maxsize=24" dbtype="VARCHAR2(24)" desc="" name="SUV_STANUM" type="String"/><field const="maxsize=26" dbtype="VARCHAR2(26)" desc="" name="SUV_NM" type="String"/><field const="maxsize=24" dbtype="VARCHAR2(24)" desc="" name="SUV_TELNUM" type="String"/><field const="maxsize=6" dbtype="VARCHAR2(6)" desc="" name="SUV_POSTNUM" type="String"/><field const="maxsize=64" dbtype="VARCHAR2(64)" desc="" name="SUV_ADDR" type="String"/><field const="maxsize=128" dbtype="VARCHAR2(128)" desc="" name="SUV_DETAILADDR" type="String"/><field const="maxsize=100" dbtype="VARCHAR2(100)" desc="" name="SIWORK_NAME" type="String"/><field const="maxsize=25" dbtype="VARCHAR2(25)" desc="" name="SIWORK_REP" type="String"/><field const="maxsize=26" dbtype="VARCHAR2(26)" desc="" name="COI_WRT_NUM" type="String"/><field const="maxsize=6" dbtype="VARCHAR2(6)" desc="" name="SIWORK_POSTNUM" type="String"/><field const="maxsize=64" dbtype="VARCHAR2(64)" desc="" name="SIWORK_ADDR" type="String"/><field const="maxsize=128" dbtype="VARCHAR2(128)" desc="" name="SIWORK_DETAILADDR" type="String"/><field const="maxsize=125" dbtype="VARCHAR2(125)" desc="" name="SPOTNM" type="String"/><field const="maxsize=6" dbtype="VARCHAR2(6)" desc="" name="SPOT_POSTNUM" type="String"/><field const="maxsize=64" dbtype="VARCHAR2(64)" desc="" name="SPOT_ADDR" type="String"/><field const="maxsize=128" dbtype="VARCHAR2(128)" desc="" name="SPOT_DETAILADDR" type="String"/><field const="maxsize=128" dbtype="VARCHAR2(128)" desc="" name="WORK_ITEM" type="String"/><field const="maxsize=128" dbtype="VARCHAR2(128)" desc="" name="USE" type="String"/><field const="maxsize=12" dbtype="VARCHAR2(12)" desc="" name="STRU_AREA" type="String"/><field const="maxsize=12" dbtype="VARCHAR2(12)" desc="" name="AREA" type="String"/><field const="maxsize=24" dbtype="VARCHAR2(24)" desc="" name="SW_DT" type="String"/><field const="maxsize=24" dbtype="VARCHAR2(24)" desc="" name="EW_DT" type="String"/><field const="maxsize=16" dbtype="VARCHAR2(16)" desc="" name="WRT_ID" type="String"/><field const="maxsize=24" dbtype="VARCHAR2(24)" desc="" name="INS_DT" type="String"/><field const="maxsize=24" dbtype="VARCHAR2(24)" desc="" name="UPD_DT" type="String"/><field const="notnull;maxsize=4" dbtype="VARCHAR2(4)" desc="" name="SIDO_CODE" type="String"/><field const="notnull;maxsize=5" dbtype="VARCHAR2(5)" desc="" name="SIGUNGU_CODE" type="String"/><field const="maxsize=24" dbtype="VARCHAR2(24)" desc="" name="SUV_MOBILE" type="String"/><field const="maxsize=24" dbtype="VARCHAR2(24)" desc="" name="SIWORK_TELNUM" type="String"/><field const="maxsize=24" dbtype="VARCHAR2(24)" desc="" name="SIWORK_MOBILE" type="String"/><field const="maxsize=5" dbtype="VARCHAR2(5)" desc="" name="DOC_YN" type="String"/><field const="maxsize=24" dbtype="VARCHAR2(24)" desc="" name="PROC_LIM" type="String"/><field const="maxsize=50" dbtype="VARCHAR2(50)" desc="" name="ORPE_NM" type="String"/><field const="maxsize=200" dbtype="VARCHAR2(200)" desc="" name="WORK_ITEM_ETC" type="String"/></contents></table>