<?xml version="1.0" encoding="UTF-8"?>
<table name="PT_XML" pkgname="sp.dao" schema=""><desc/><primarykey><key>DSNAME</key><key>FORMID</key><key>SAMPLENAME</key><key>USERID</key></primarykey><contents><field const="notnull;maxsize=50" dbtype="VARCHAR2(50)" desc="" name="USERID" type="String"/><field const="notnull;maxsize=50" dbtype="VARCHAR2(50)" desc="" name="FORMID" type="String"/><field const="notnull;maxsize=50" dbtype="VARCHAR2(50)" desc="" name="SAMPLENAME" type="String"/><field const="maxsize=4000" dbtype="VARCHAR2(4000)" desc="" name="XML" type="String"/><field const="notnull;maxsize=50" dbtype="VARCHAR2(50)" desc="" name="DSNAME" type="String"/></contents></table>